,Age,PassengerId,Survived,Title_Master,Title_Miss,Title_Mr,Title_Mrs,Name_Len,Dead_female_family,Survive_male_family,IsChild,High_Survival_Ticket,Low_Survival_Ticket,Embarked_C,Embarked_Q,Embarked_S,FamilySize_Alone,FamilySize_Big,FamilySize_Small,Cabin_isNull,Pclass_1,Pclass_2,Pclass_3,Sex_female,Sex_male,Low_Fare,High_Fare
0,32,1,0.0,0,0,1,0,1,1,1,0,0,1,0,0,1,0,0,1,0,0,0,1,0,1,1,0
1,57,2,1.0,0,0,0,1,4,1,1,0,1,0,1,0,0,0,0,1,1,1,0,0,1,0,0,1
2,39,3,1.0,0,1,0,0,1,1,1,0,0,0,0,0,1,1,0,0,0,0,0,1,1,0,1,0
3,53,4,1.0,0,0,0,1,4,1,1,0,1,0,0,0,1,0,0,1,1,1,0,0,1,0,0,1
4,53,5,0.0,0,0,1,0,2,1,1,0,0,1,0,0,1,1,0,0,0,0,0,1,0,1,1,0
5,39,6,0.0,0,0,1,0,0,1,1,0,0,1,0,1,0,1,0,0,0,0,0,1,0,1,1,0
6,76,7,0.0,0,0,1,0,1,1,1,0,1,0,0,0,1,1,0,0,1,1,0,0,0,1,0,1
7,8,8,0.0,1,0,0,0,3,0,1,1,0,1,0,0,1,0,1,0,0,0,0,1,0,1,0,0
8,41,9,1.0,0,0,0,1,4,1,1,0,0,1,0,0,1,0,0,1,0,0,0,1,1,0,0,0
9,21,10,1.0,0,0,0,1,4,1,1,0,1,0,1,0,0,0,0,1,0,0,1,0,1,0,0,1
10,10,11,1.0,0,1,0,0,3,1,1,1,1,0,0,0,1,0,0,1,1,0,0,1,1,0,0,0
11,81,12,1.0,0,1,0,0,2,1,1,0,1,0,0,0,1,1,0,0,1,1,0,0,1,0,0,1
12,29,13,0.0,0,0,1,0,3,1,1,0,0,1,0,0,1,1,0,0,0,0,0,1,0,1,1,0
13,59,14,0.0,0,0,1,0,2,0,1,0,0,1,0,0,1,0,1,0,0,0,0,1,0,1,0,1
14,21,15,0.0,0,1,0,0,4,1,1,0,0,1,0,0,1,1,0,0,0,0,0,1,1,0,1,0
15,77,16,1.0,0,0,0,1,3,1,1,0,1,0,0,0,1,1,0,0,0,0,1,0,1,0,0,0
16,8,17,0.0,1,0,0,0,1,0,1,1,0,1,0,1,0,0,1,0,0,0,0,1,0,1,0,1
17,45,18,1.0,0,0,1,0,3,1,1,0,1,0,0,0,1,1,0,0,0,0,1,0,0,1,0,0
18,47,19,0.0,0,0,0,1,4,0,1,0,0,1,0,0,1,0,0,1,0,0,0,1,1,0,0,0
19,47,20,1.0,0,0,0,1,1,1,1,0,1,0,1,0,0,1,0,0,0,0,0,1,1,0,1,0
20,53,21,0.0,0,0,1,0,1,1,1,0,1,0,0,0,1,1,0,0,0,0,1,0,0,1,0,1
21,51,22,1.0,0,0,1,0,1,1,1,0,1,0,0,0,1,1,0,0,1,0,1,0,0,1,0,0
22,23,23,1.0,0,1,0,0,2,1,1,0,0,1,0,1,0,1,0,0,0,0,0,1,1,0,1,0
23,42,24,1.0,0,0,1,0,3,1,1,0,1,0,0,0,1,1,0,0,1,1,0,0,0,1,0,1
24,14,25,0.0,0,1,0,0,3,0,1,1,0,1,0,0,1,0,1,0,0,0,0,1,1,0,0,0
25,57,26,1.0,0,0,0,1,4,1,1,0,0,1,0,0,1,0,1,0,0,0,0,1,1,0,0,1
26,39,27,0.0,0,0,1,0,1,1,1,0,1,0,1,0,0,1,0,0,0,0,0,1,0,1,1,0
27,28,28,0.0,0,0,1,0,3,1,1,0,1,0,0,0,1,0,1,0,1,1,0,0,0,1,0,1
28,26,29,1.0,0,1,0,0,3,1,1,0,0,1,0,1,0,1,0,0,0,0,0,1,1,0,1,0
29,39,30,0.0,0,0,1,0,0,1,1,0,0,1,0,0,1,1,0,0,0,0,0,1,0,1,1,0
30,60,31,0.0,0,0,1,0,2,1,1,0,1,0,1,0,0,1,0,0,0,1,0,0,0,1,0,1
31,66,32,1.0,0,0,0,1,4,1,1,0,1,0,1,0,0,0,0,1,1,1,0,0,1,0,0,1
32,26,33,1.0,0,1,0,0,2,1,1,0,0,1,0,1,0,1,0,0,0,0,0,1,1,0,1,0
33,90,34,0.0,0,0,1,0,1,1,1,0,0,0,0,0,1,1,0,0,0,0,1,0,0,1,0,0
34,42,35,0.0,0,0,1,0,1,1,1,0,1,0,1,0,0,0,0,1,0,1,0,0,0,1,0,1
35,63,36,0.0,0,0,1,0,3,1,1,0,1,0,0,0,1,0,0,1,0,1,0,0,0,1,0,1
36,39,37,1.0,0,0,1,0,0,1,1,0,1,0,1,0,0,1,0,0,0,0,0,1,0,1,1,0
37,31,38,0.0,0,0,1,0,2,1,1,0,0,1,0,0,1,1,0,0,0,0,0,1,0,1,1,0
38,26,39,0.0,0,1,0,0,4,0,1,0,0,1,0,0,1,0,0,1,0,0,0,1,1,0,0,0
39,21,40,1.0,0,1,0,0,2,1,0,0,1,0,1,0,0,0,0,1,0,0,0,1,1,0,0,0
40,60,41,0.0,0,0,0,1,4,0,1,0,0,1,0,0,1,0,0,1,0,0,0,1,1,0,0,0
41,41,42,0.0,0,0,0,1,4,0,1,0,1,0,0,0,1,0,0,1,0,0,1,0,1,0,0,0
42,39,43,0.0,0,0,1,0,0,1,1,0,0,1,1,0,0,1,0,0,0,0,0,1,0,1,1,0
43,9,44,1.0,0,1,0,0,4,1,1,1,0,0,1,0,0,0,0,1,0,0,1,0,1,0,0,1
44,28,45,1.0,0,1,0,0,3,1,1,0,0,1,0,1,0,1,0,0,0,0,0,1,1,0,1,0
45,39,46,0.0,0,0,1,0,2,1,1,0,0,0,0,0,1,1,0,0,0,0,0,1,0,1,1,0
46,39,47,0.0,0,0,1,0,0,1,1,0,0,1,0,1,0,0,0,1,0,0,0,1,0,1,0,0
47,26,48,1.0,0,1,0,0,2,1,1,0,1,0,0,1,0,1,0,0,0,0,0,1,1,0,1,0
48,39,49,0.0,0,0,1,0,0,1,1,0,1,0,1,0,0,0,0,1,0,0,0,1,0,1,0,0
49,26,50,0.0,0,0,0,1,4,0,1,0,0,1,0,0,1,0,0,1,0,0,0,1,1,0,0,0
50,13,51,0.0,1,0,0,0,2,0,1,1,0,1,0,0,1,0,1,0,0,0,0,1,0,1,0,1
51,31,52,0.0,0,0,1,0,3,1,1,0,0,1,0,0,1,1,0,0,0,0,0,1,0,1,1,0
52,71,53,1.0,0,0,0,1,4,1,0,0,1,0,1,0,0,0,0,1,1,1,0,0,1,0,0,1
53,44,54,1.0,0,0,0,1,4,1,1,0,1,0,0,0,1,0,0,1,0,0,1,0,1,0,0,1
54,89,55,0.0,0,0,1,0,3,1,1,0,1,0,1,0,0,0,0,1,1,1,0,0,0,1,0,1
55,63,56,1.0,0,0,1,0,0,1,1,0,1,0,0,0,1,1,0,0,1,1,0,0,0,1,0,1
56,31,57,1.0,0,1,0,0,0,1,1,0,0,0,0,0,1,1,0,0,0,0,1,0,1,0,0,0
57,43,58,0.0,0,0,1,0,0,1,1,0,1,0,1,0,0,1,0,0,0,0,0,1,0,1,1,0
58,11,59,1.0,0,1,0,0,3,1,1,1,0,0,0,0,1,0,0,1,0,0,1,0,1,0,0,1
59,17,60,0.0,1,0,0,0,4,0,1,1,0,0,0,0,1,0,1,0,0,0,0,1,0,1,0,1
60,32,61,0.0,0,0,1,0,1,1,1,0,1,0,1,0,0,1,0,0,0,0,0,1,0,1,1,0
61,57,62,1.0,0,1,0,0,0,1,1,0,1,0,0,0,1,1,0,0,1,1,0,0,1,0,0,1
62,66,63,0.0,0,0,1,0,2,1,1,0,0,1,0,0,1,0,0,1,1,1,0,0,0,1,0,1
63,10,64,0.0,1,0,0,0,1,0,1,1,0,1,0,0,1,0,1,0,0,0,0,1,0,1,0,1
64,63,65,0.0,0,0,1,0,1,1,1,0,1,0,1,0,0,1,0,0,0,1,0,0,0,1,0,1
65,12,66,1.0,1,0,0,0,2,1,1,1,1,0,1,0,0,0,0,1,0,0,0,1,0,1,0,0
66,44,67,1.0,0,0,0,1,3,1,1,0,0,0,0,0,1,1,0,0,1,0,1,0,1,0,0,0
67,28,68,0.0,0,0,1,0,2,1,1,0,0,0,0,0,1,1,0,0,0,0,0,1,0,1,1,0
68,25,69,1.0,0,1,0,0,3,0,1,0,0,1,0,0,1,0,1,0,0,0,0,1,1,0,1,0
69,39,70,0.0,0,0,1,0,0,1,1,0,0,1,0,0,1,0,0,1,0,0,0,1,0,1,0,0
70,48,71,0.0,0,0,1,0,2,1,1,0,0,0,0,0,1,1,0,0,0,0,1,0,0,1,0,0
71,24,72,0.0,0,1,0,0,2,0,1,0,0,0,0,0,1,0,1,0,0,0,0,1,1,0,0,1
72,31,73,0.0,0,0,1,0,1,1,1,0,0,0,0,0,1,1,0,0,0,0,1,0,0,1,0,1
73,39,74,0.0,0,0,1,0,2,1,1,0,1,0,1,0,0,0,0,1,0,0,0,1,0,1,0,0
74,48,75,1.0,0,0,1,0,0,1,1,0,1,0,0,0,1,1,0,0,0,0,0,1,0,1,0,1
75,38,76,0.0,0,0,1,0,1,1,1,0,0,1,0,0,1,1,0,0,1,0,0,1,0,1,1,0
76,39,77,0.0,0,0,1,0,0,1,1,0,0,1,0,0,1,1,0,0,0,0,0,1,0,1,1,0
77,39,78,0.0,0,0,1,0,2,1,1,0,0,1,0,0,1,1,0,0,0,0,0,1,0,1,1,0
78,5,79,1.0,1,0,0,0,3,1,1,1,1,0,0,0,1,0,0,1,0,0,1,0,0,1,0,1
79,45,80,1.0,0,1,0,0,2,1,1,0,0,1,0,0,1,1,0,0,0,0,0,1,1,0,0,0
80,32,81,0.0,0,0,1,0,1,1,1,0,0,1,0,0,1,1,0,0,0,0,0,1,0,1,0,0
81,44,82,1.0,0,0,1,0,2,1,1,0,0,1,0,0,1,1,0,0,0,0,0,1,0,1,0,0
82,26,83,1.0,0,1,0,0,3,1,1,0,0,1,0,1,0,1,0,0,0,0,0,1,1,0,1,0
83,42,84,0.0,0,0,1,0,1,1,1,0,1,0,0,0,1,1,0,0,0,1,0,0,0,1,0,1
84,25,85,1.0,0,1,0,0,0,1,1,0,0,0,0,0,1,1,0,0,0,0,1,0,1,0,0,0
85,50,86,1.0,0,0,0,1,4,1,1,0,0,1,0,0,1,0,0,1,0,0,0,1,1,0,0,0
86,24,87,0.0,0,0,1,0,1,0,1,0,0,1,0,0,1,0,1,0,0,0,0,1,0,1,0,1
87,39,88,0.0,0,0,1,0,3,1,1,0,0,0,0,0,1,1,0,0,0,0,0,1,0,1,1,0
88,34,89,1.0,0,1,0,0,2,1,1,0,1,0,0,0,1,0,1,0,1,1,0,0,1,0,0,1
89,36,90,0.0,0,0,1,0,1,1,1,0,0,1,0,0,1,1,0,0,0,0,0,1,0,1,1,0
90,44,91,0.0,0,0,1,0,1,1,1,0,0,1,0,0,1,1,0,0,0,0,0,1,0,1,1,0
91,29,92,0.0,0,0,1,0,2,1,1,0,0,1,0,0,1,1,0,0,0,0,0,1,0,1,1,0
92,68,93,0.0,0,0,1,0,2,1,1,0,0,1,0,0,1,0,0,1,1,1,0,0,0,1,0,1
93,39,94,0.0,0,0,1,0,1,1,1,0,0,0,0,0,1,0,0,1,0,0,0,1,0,1,0,0
94,82,95,0.0,0,0,1,0,0,1,1,0,0,1,0,0,1,1,0,0,0,0,0,1,0,1,1,0
95,39,96,0.0,0,0,1,0,2,1,1,0,0,1,0,0,1,1,0,0,0,0,0,1,0,1,1,0
96,94,97,0.0,0,0,1,0,2,1,1,0,1,0,1,0,0,1,0,0,1,1,0,0,0,1,0,1
97,34,98,1.0,0,0,1,0,3,1,0,0,1,0,1,0,0,0,0,1,1,1,0,0,0,1,0,1
98,51,99,1.0,0,0,0,1,4,1,1,0,1,0,0,0,1,0,0,1,0,0,1,0,1,0,0,0
99,51,100,0.0,0,0,1,0,0,1,1,0,1,0,0,0,1,0,0,1,0,0,1,0,0,1,0,1
100,42,101,0.0,0,1,0,0,1,1,1,0,0,1,0,0,1,1,0,0,0,0,0,1,1,0,1,0
101,39,102,0.0,0,0,1,0,3,1,1,0,0,1,0,0,1,1,0,0,0,0,0,1,0,1,1,0
102,31,103,0.0,0,0,1,0,2,1,1,0,0,1,0,0,1,0,0,1,1,1,0,0,0,1,0,1
103,50,104,0.0,0,0,1,0,2,1,1,0,0,1,0,0,1,1,0,0,0,0,0,1,0,1,1,0
104,56,105,0.0,0,0,1,0,3,1,1,0,0,1,0,0,1,0,0,1,0,0,0,1,0,1,1,0
105,42,106,0.0,0,0,1,0,1,1,1,0,0,1,0,0,1,1,0,0,0,0,0,1,0,1,1,0
106,31,107,1.0,0,1,0,0,3,1,1,0,0,1,0,0,1,1,0,0,0,0,0,1,1,0,1,0
107,39,108,1.0,0,0,1,0,1,1,1,0,0,1,0,0,1,1,0,0,0,0,0,1,0,1,1,0
108,57,109,0.0,0,0,1,0,0,1,1,0,0,1,0,0,1,1,0,0,0,0,0,1,0,1,1,0
109,26,110,1.0,0,1,0,0,0,1,1,0,0,1,0,1,0,0,0,1,0,0,0,1,1,0,0,0
110,69,111,0.0,0,0,1,0,3,1,1,0,1,0,0,0,1,1,0,0,1,1,0,0,0,1,0,1
111,22,112,0.0,0,1,0,0,1,0,1,0,1,0,1,0,0,0,0,1,0,0,0,1,1,0,0,0
112,32,113,0.0,0,0,1,0,1,1,1,0,0,1,0,0,1,1,0,0,0,0,0,1,0,1,1,0
113,29,114,0.0,0,1,0,0,1,0,1,0,0,0,0,0,1,0,0,1,0,0,0,1,1,0,0,0
114,25,115,0.0,0,1,0,0,1,1,1,0,1,0,1,0,0,1,0,0,0,0,0,1,1,0,0,0
115,31,116,0.0,0,0,1,0,1,1,1,0,0,0,0,0,1,1,0,0,0,0,0,1,0,1,1,0
116,93,117,0.0,0,0,1,0,1,1,1,0,0,1,0,1,0,1,0,0,0,0,0,1,0,1,1,0
117,44,118,0.0,0,0,1,0,3,0,1,0,1,0,0,0,1,0,0,1,0,0,1,0,0,1,0,0
118,36,119,0.0,0,0,1,0,2,1,1,0,1,0,1,0,0,0,0,1,1,1,0,0,0,1,0,1
119,8,120,0.0,0,1,0,0,4,0,1,1,0,1,0,0,1,0,1,0,0,0,0,1,1,0,0,1
120,31,121,0.0,0,0,1,0,2,1,1,0,0,0,0,0,1,0,0,1,0,0,1,0,0,1,0,1
121,39,122,0.0,0,0,1,0,2,1,1,0,0,1,0,0,1,1,0,0,0,0,0,1,0,1,1,0
122,49,123,0.0,0,0,1,0,1,1,1,0,1,0,1,0,0,0,0,1,0,0,1,0,0,1,0,1
123,49,124,1.0,0,1,0,0,0,1,1,0,1,0,0,0,1,1,0,0,1,0,1,0,1,0,0,0
124,76,125,0.0,0,0,1,0,2,1,1,0,0,1,0,0,1,0,0,1,1,1,0,0,0,1,0,1
125,19,126,1.0,1,0,0,0,3,1,0,1,1,0,1,0,0,0,0,1,0,0,0,1,0,1,0,0
126,39,127,0.0,0,0,1,0,0,1,1,0,0,1,0,1,0,1,0,0,0,0,0,1,0,1,1,0
127,36,128,1.0,0,0,1,0,2,1,1,0,0,0,0,0,1,1,0,0,0,0,0,1,0,1,1,0
128,26,129,1.0,0,1,0,0,0,1,1,0,1,0,1,0,0,0,0,1,1,0,0,1,1,0,0,0
129,66,130,0.0,0,0,1,0,0,1,1,0,0,1,0,0,1,1,0,0,0,0,0,1,0,1,1,0
130,50,131,0.0,0,0,1,0,1,1,1,0,0,1,1,0,0,1,0,0,0,0,0,1,0,1,1,0
131,29,132,0.0,0,0,1,0,3,1,1,0,0,0,0,0,1,1,0,0,0,0,0,1,0,1,1,0
132,69,133,0.0,0,0,0,1,4,0,1,0,0,1,0,0,1,0,0,1,0,0,0,1,1,0,0,0
133,44,134,1.0,0,0,0,1,4,1,1,0,1,0,0,0,1,0,0,1,0,0,1,0,1,0,0,1
134,38,135,0.0,0,0,1,0,3,1,1,0,0,0,0,0,1,1,0,0,0,0,1,0,0,1,0,0
135,34,136,0.0,0,0,1,0,0,1,1,0,0,0,1,0,0,1,0,0,0,0,1,0,0,1,0,0
136,28,137,1.0,0,1,0,0,3,1,1,0,1,0,0,0,1,0,0,1,1,1,0,0,1,0,0,1
137,56,138,0.0,0,0,1,0,2,1,1,0,1,0,0,0,1,0,0,1,1,1,0,0,0,1,0,1
138,24,139,0.0,0,0,1,0,0,1,1,0,0,1,0,0,1,1,0,0,0,0,0,1,0,1,0,0
139,36,140,0.0,0,0,1,0,0,1,1,0,1,0,1,0,0,1,0,0,1,1,0,0,0,1,0,1
140,47,141,0.0,0,0,0,1,3,1,1,0,1,0,1,0,0,0,0,1,0,0,0,1,1,0,0,0
141,32,142,1.0,0,1,0,0,2,1,1,0,0,1,0,0,1,1,0,0,0,0,0,1,1,0,1,0
142,36,143,1.0,0,0,0,1,4,1,1,0,0,0,0,0,1,0,0,1,0,0,0,1,1,0,0,0
143,28,144,0.0,0,0,1,0,0,1,1,0,0,1,0,1,0,1,0,0,0,0,0,1,0,1,1,0
144,26,145,0.0,0,0,1,0,2,1,1,0,1,0,0,0,1,1,0,0,0,0,1,0,0,1,0,0
145,28,146,0.0,0,0,1,0,3,1,1,0,0,0,0,0,1,0,0,1,0,0,1,0,0,1,0,1
146,41,147,1.0,0,0,1,0,4,0,1,0,0,1,0,0,1,1,0,0,0,0,0,1,0,1,1,0
147,15,148,0.0,0,1,0,0,3,0,1,1,0,1,0,0,1,0,1,0,0,0,0,1,1,0,0,1
148,55,149,0.0,0,0,1,0,4,1,1,0,1,0,0,0,1,0,0,1,1,0,1,0,0,1,0,1
149,63,150,0.0,0,0,1,0,4,1,1,0,1,0,0,0,1,1,0,0,0,0,1,0,0,1,0,0
150,73,151,0.0,0,0,1,0,2,1,1,0,0,0,0,0,1,1,0,0,0,0,1,0,0,1,0,0
151,32,152,1.0,0,0,0,1,4,1,1,0,1,0,0,0,1,0,0,1,1,1,0,0,1,0,0,1
152,78,153,0.0,0,0,1,0,0,1,1,0,0,1,0,0,1,1,0,0,0,0,0,1,0,1,1,0
153,61,154,0.0,0,0,1,0,3,1,1,0,0,1,0,0,1,0,0,1,0,0,0,1,0,1,0,0
154,39,155,0.0,0,0,1,0,1,1,1,0,0,0,0,0,1,1,0,0,0,0,0,1,0,1,1,0
155,73,156,0.0,0,0,1,0,2,1,1,0,1,0,1,0,0,0,0,1,0,1,0,0,0,1,0,1
156,24,157,1.0,0,1,0,0,3,1,1,0,0,1,0,1,0,1,0,0,0,0,0,1,1,0,1,0
157,45,158,0.0,0,0,1,0,0,1,1,0,0,0,0,0,1,1,0,0,0,0,0,1,0,1,1,0
158,39,159,0.0,0,0,1,0,0,1,1,0,0,1,0,0,1,1,0,0,0,0,0,1,0,1,0,0
159,12,160,0.0,1,0,0,0,2,1,1,1,0,0,0,0,1,0,1,0,0,0,0,1,0,1,0,1
160,65,161,0.0,0,0,1,0,2,1,1,0,0,1,0,0,1,0,0,1,0,0,0,1,0,1,0,0
161,60,162,1.0,0,0,0,1,4,1,1,0,0,0,0,0,1,1,0,0,0,0,1,0,1,0,0,0
162,39,163,0.0,0,0,1,0,2,1,1,0,0,1,0,0,1,1,0,0,0,0,0,1,0,1,1,0
163,25,164,0.0,0,0,1,0,0,1,1,0,0,1,0,0,1,1,0,0,0,0,0,1,0,1,0,0
164,7,165,0.0,1,0,0,0,3,0,1,1,0,1,0,0,1,0,1,0,0,0,0,1,0,1,0,1
165,15,166,1.0,1,0,0,0,4,1,1,1,0,1,0,0,1,0,0,1,0,0,0,1,0,1,0,0
166,66,167,1.0,0,0,0,1,4,1,1,0,1,0,0,0,1,0,0,1,1,1,0,0,1,0,0,1
167,66,168,0.0,0,0,0,1,4,0,1,0,0,1,0,0,1,0,1,0,0,0,0,1,1,0,0,1
168,63,169,0.0,0,0,1,0,0,1,1,0,1,0,0,0,1,1,0,0,0,1,0,0,0,1,0,0
169,42,170,0.0,0,0,1,0,0,1,1,0,1,0,0,0,1,1,0,0,0,0,0,1,0,1,0,1
170,85,171,0.0,0,0,1,0,2,1,1,0,1,0,0,0,1,1,0,0,1,1,0,0,0,1,0,1
171,10,172,0.0,1,0,0,0,1,0,1,1,0,1,0,1,0,0,1,0,0,0,0,1,0,1,0,1
172,7,173,1.0,0,1,0,0,3,1,1,1,0,1,0,0,1,0,0,1,0,0,0,1,1,0,0,0
173,31,174,0.0,0,0,1,0,2,1,1,0,0,0,0,0,1,1,0,0,0,0,0,1,0,1,1,0
174,79,175,0.0,0,0,1,0,1,1,1,0,1,0,1,0,0,1,0,0,1,1,0,0,0,1,0,1
175,26,176,0.0,0,0,1,0,1,1,1,0,0,1,0,0,1,0,0,1,0,0,0,1,0,1,1,0
176,12,177,0.0,1,0,0,0,3,1,1,1,0,0,0,0,1,0,1,0,0,0,0,1,0,1,0,0
177,72,178,0.0,0,1,0,0,2,1,1,0,1,0,1,0,0,1,0,0,1,1,0,0,1,0,0,1
178,45,179,0.0,0,0,1,0,0,1,1,0,1,0,0,0,1,1,0,0,0,0,1,0,0,1,0,0
179,54,180,0.0,0,0,1,0,0,1,1,0,0,0,0,0,1,1,0,0,0,0,0,1,0,1,1,0
180,26,181,0.0,0,1,0,0,3,1,1,0,0,0,0,0,1,0,1,0,0,0,0,1,1,0,0,1
181,45,182,0.0,0,0,1,0,0,1,1,0,0,0,1,0,0,1,0,0,0,0,1,0,0,1,0,0
182,15,183,0.0,1,0,0,0,4,1,1,1,0,1,0,0,1,0,1,0,0,0,0,1,0,1,0,1
183,7,184,1.0,1,0,0,0,2,1,1,1,1,0,0,0,1,0,0,1,1,0,1,0,0,1,0,1
184,10,185,1.0,0,1,0,0,4,1,1,1,0,1,0,0,1,0,0,1,0,0,0,1,1,0,0,0
185,63,186,0.0,0,0,1,0,1,1,1,0,1,0,0,0,1,1,0,0,1,1,0,0,0,1,0,1
186,47,187,1.0,0,0,0,1,4,1,1,0,0,1,0,1,0,0,0,1,0,0,0,1,1,0,0,0
187,66,188,1.0,0,0,1,0,4,1,1,0,1,0,0,0,1,1,0,0,0,1,0,0,0,1,0,1
188,60,189,0.0,0,0,1,0,0,0,1,0,0,1,0,1,0,0,0,1,0,0,0,1,0,1,0,0
189,54,190,0.0,0,0,1,0,0,1,1,0,0,1,0,0,1,1,0,0,0,0,0,1,0,1,1,0
190,48,191,1.0,0,0,0,1,0,1,1,0,1,0,0,0,1,1,0,0,0,0,1,0,1,0,0,0
191,28,192,0.0,0,0,1,0,1,1,1,0,1,0,0,0,1,1,0,0,0,0,1,0,0,1,0,0
192,28,193,1.0,0,1,0,0,4,1,1,0,0,1,0,0,1,0,0,1,0,0,0,1,1,0,1,0
193,9,194,1.0,1,0,0,0,2,1,1,1,1,0,0,0,1,0,0,1,1,0,1,0,0,1,0,1
194,65,195,1.0,0,0,0,1,4,1,1,0,1,0,1,0,0,1,0,0,1,1,0,0,1,0,0,1
195,81,196,1.0,0,1,0,0,1,1,1,0,1,0,1,0,0,1,0,0,1,1,0,0,1,0,0,1
196,39,197,0.0,0,0,1,0,0,1,1,0,0,1,0,1,0,1,0,0,0,0,0,1,0,1,1,0
197,63,198,0.0,0,0,1,0,3,1,1,0,0,0,0,0,1,0,0,1,0,0,0,1,0,1,1,0
198,26,199,1.0,0,1,0,0,3,1,1,0,0,1,0,1,0,1,0,0,0,0,0,1,1,0,1,0
199,36,200,0.0,0,1,0,0,4,1,1,0,1,0,0,0,1,1,0,0,0,0,1,0,1,0,0,0
200,42,201,0.0,0,0,1,0,3,1,1,0,0,1,0,0,1,1,0,0,0,0,0,1,0,1,0,0
201,39,202,0.0,0,0,1,0,0,1,1,0,0,0,0,0,1,0,1,0,0,0,0,1,0,1,0,1
202,51,203,0.0,0,0,1,0,2,1,1,0,0,1,0,0,1,1,0,0,0,0,0,1,0,1,1,0
203,67,204,0.0,0,0,1,0,1,1,1,0,1,0,1,0,0,1,0,0,0,0,0,1,0,1,1,0
204,26,205,1.0,0,0,1,0,2,1,1,0,0,1,0,0,1,1,0,0,0,0,0,1,0,1,1,0
205,8,206,0.0,0,1,0,0,2,0,1,1,0,1,0,0,1,0,0,1,1,0,0,1,1,0,0,0
206,48,207,0.0,0,0,1,0,2,1,1,0,0,1,0,0,1,0,0,1,0,0,0,1,0,1,0,0
207,39,208,1.0,0,0,1,0,2,1,1,0,1,0,1,0,0,1,0,0,0,0,0,1,0,1,0,0
208,24,209,1.0,0,1,0,0,2,1,1,0,0,1,0,1,0,1,0,0,0,0,0,1,1,0,1,0
209,60,210,1.0,0,0,1,0,0,1,1,0,1,0,1,0,0,1,0,0,1,1,0,0,0,1,0,1
210,36,211,0.0,0,0,1,0,0,1,1,0,0,0,0,0,1,1,0,0,0,0,0,1,0,1,1,0
211,53,212,1.0,0,1,0,0,2,1,1,0,0,0,0,0,1,1,0,0,0,0,1,0,1,0,0,0
212,32,213,0.0,0,0,1,0,1,1,1,0,0,1,0,0,1,1,0,0,0,0,0,1,0,1,1,0
213,45,214,0.0,0,0,1,0,2,1,1,0,1,0,0,0,1,1,0,0,0,0,1,0,0,1,0,0
214,39,215,0.0,0,0,1,0,0,1,1,0,0,1,0,1,0,0,0,1,0,0,0,1,0,1,1,0
215,47,216,1.0,0,1,0,0,1,1,1,0,0,1,1,0,0,0,0,1,1,1,0,0,1,0,0,1
216,41,217,1.0,0,1,0,0,1,1,1,0,0,0,0,0,1,1,0,0,0,0,0,1,1,0,1,0
217,63,218,0.0,0,0,1,0,3,1,1,0,1,0,0,0,1,0,0,1,0,0,1,0,0,1,0,1
218,48,219,1.0,0,1,0,0,1,1,1,0,1,0,1,0,0,1,0,0,1,1,0,0,1,0,0,1
219,45,220,0.0,0,0,1,0,0,1,1,0,0,1,0,0,1,1,0,0,0,0,1,0,0,1,0,0
220,24,221,1.0,0,0,1,0,3,1,1,0,0,0,0,0,1,1,0,0,0,0,0,1,0,1,1,0
221,41,222,0.0,0,0,1,0,1,1,1,0,1,0,0,0,1,1,0,0,0,0,1,0,0,1,0,0
222,73,223,0.0,0,0,1,0,1,1,1,0,1,0,0,0,1,1,0,0,0,0,0,1,0,1,1,0
223,39,224,0.0,0,0,1,0,1,1,1,0,0,1,0,0,1,1,0,0,0,0,0,1,0,1,1,0
224,57,225,1.0,0,0,1,0,3,1,0,0,1,0,0,0,1,0,0,1,1,1,0,0,0,1,0,1
225,32,226,0.0,0,0,1,0,3,1,1,0,1,0,0,0,1,1,0,0,0,0,0,1,0,1,0,0
226,28,227,1.0,0,0,1,0,2,1,1,0,0,0,0,0,1,1,0,0,0,0,1,0,0,1,0,0
227,30,228,0.0,0,0,1,0,3,1,1,0,0,1,0,0,1,1,0,0,0,0,0,1,0,1,1,0
228,26,229,0.0,0,0,1,0,2,1,1,0,1,0,0,0,1,1,0,0,0,0,1,0,0,1,0,0
229,26,230,0.0,0,1,0,0,1,1,1,0,0,0,0,0,1,0,1,0,0,0,0,1,1,0,0,0
230,53,231,1.0,0,0,0,1,4,1,1,0,0,1,0,0,1,0,0,1,1,1,0,0,1,0,0,1
231,44,232,0.0,0,0,1,0,2,1,1,0,0,1,0,0,1,1,0,0,0,0,0,1,0,1,1,0
232,82,233,0.0,0,0,1,0,2,1,1,0,1,0,0,0,1,1,0,0,0,0,1,0,0,1,0,0
233,11,234,1.0,0,1,0,0,3,1,1,1,0,1,0,0,1,0,1,0,0,0,0,1,1,0,0,1
234,36,235,0.0,0,0,1,0,4,1,1,0,0,0,0,0,1,1,0,0,0,0,1,0,0,1,0,0
235,26,236,0.0,0,1,0,0,3,1,1,0,0,1,0,0,1,1,0,0,0,0,0,1,1,0,1,0
236,65,237,0.0,0,0,1,0,0,1,1,0,1,0,0,0,1,0,0,1,0,0,1,0,0,1,0,1
237,14,238,1.0,0,1,0,0,3,1,1,1,0,0,0,0,1,0,0,1,0,0,1,0,1,0,0,1
238,28,239,0.0,0,0,1,0,3,1,1,0,1,0,0,0,1,1,0,0,0,0,1,0,0,1,0,0
239,50,240,0.0,0,0,1,0,1,1,1,0,0,0,0,0,1,1,0,0,0,0,1,0,0,1,0,0
240,26,241,0.0,0,1,0,0,1,0,1,0,1,0,1,0,0,0,0,1,0,0,0,1,1,0,0,0
241,26,242,1.0,0,1,0,0,3,1,1,0,0,1,0,1,0,0,0,1,0,0,0,1,1,0,0,0
242,44,243,0.0,0,0,1,0,3,1,1,0,0,1,0,0,1,1,0,0,0,0,1,0,0,1,0,0
243,32,244,0.0,0,0,1,0,3,1,1,0,0,0,0,0,1,1,0,0,0,0,0,1,0,1,1,0
244,45,245,0.0,0,0,1,0,1,1,1,0,1,0,1,0,0,1,0,0,0,0,0,1,0,1,1,0
245,65,246,0.0,0,0,1,0,2,1,1,0,1,0,0,1,0,0,0,1,1,1,0,0,0,1,0,1
246,38,247,0.0,0,1,0,0,4,1,1,0,0,1,0,0,1,1,0,0,0,0,0,1,1,0,1,0
247,36,248,1.0,0,0,0,1,3,1,1,0,1,0,0,0,1,0,0,1,0,0,1,0,1,0,0,0
248,56,249,1.0,0,0,1,0,3,1,0,0,1,0,0,0,1,0,0,1,1,1,0,0,0,1,0,1
249,76,250,0.0,0,0,1,0,3,0,0,0,1,0,0,0,1,0,0,1,0,0,1,0,0,1,0,1
250,39,251,0.0,0,0,1,0,1,1,1,0,0,1,0,0,1,1,0,0,0,0,0,1,0,1,1,0
251,44,252,0.0,0,0,0,1,4,0,1,0,0,1,0,0,1,0,0,1,1,0,0,1,1,0,0,0
252,86,253,0.0,0,0,1,0,2,1,1,0,1,0,0,0,1,1,0,0,1,1,0,0,0,1,0,1
253,45,254,0.0,0,0,1,0,2,0,1,0,0,1,0,0,1,0,0,1,0,0,0,1,0,1,0,0
254,62,255,0.0,0,0,0,1,4,0,1,0,0,1,0,0,1,0,0,1,0,0,0,1,1,0,0,0
255,44,256,1.0,0,0,0,1,4,1,1,0,1,0,1,0,0,0,0,1,0,0,0,1,1,0,0,0
256,66,257,1.0,0,0,0,1,3,1,1,0,1,0,1,0,0,1,0,0,0,1,0,0,1,0,0,1
257,45,258,1.0,0,1,0,0,1,1,1,0,1,0,0,0,1,1,0,0,1,1,0,0,1,0,0,1
258,53,259,1.0,0,1,0,0,0,1,1,0,1,0,1,0,0,1,0,0,0,1,0,0,1,0,0,1
259,72,260,1.0,0,0,0,1,2,1,1,0,1,0,0,0,1,0,0,1,0,0,1,0,1,0,0,1
260,39,261,0.0,0,0,1,0,0,1,1,0,0,1,0,1,0,1,0,0,0,0,0,1,0,1,1,0
261,9,262,1.0,1,0,0,0,4,1,1,1,0,1,0,0,1,0,1,0,0,0,0,1,0,1,0,1
262,74,263,0.0,0,0,1,0,0,1,1,0,1,0,0,0,1,0,0,1,1,1,0,0,0,1,0,1
263,60,264,0.0,0,0,1,0,1,1,1,0,1,0,0,0,1,1,0,0,1,1,0,0,0,1,1,0
264,26,265,0.0,0,1,0,0,0,1,1,0,0,1,0,1,0,1,0,0,0,0,0,1,1,0,1,0
265,54,266,0.0,0,0,1,0,0,1,1,0,0,0,0,0,1,1,0,0,0,0,1,0,0,1,0,0
266,24,267,0.0,0,0,1,0,2,0,1,0,0,1,0,0,1,0,1,0,0,0,0,1,0,1,0,1
267,38,268,1.0,0,0,1,0,2,1,0,0,0,1,0,0,1,0,0,1,0,0,0,1,0,1,1,0
268,81,269,1.0,0,0,0,1,4,1,1,0,1,0,0,0,1,0,0,1,1,1,0,0,1,0,0,1
269,53,270,1.0,0,1,0,0,1,1,1,0,1,0,0,0,1,1,0,0,1,1,0,0,1,0,0,1
270,63,271,0.0,0,0,1,0,1,1,1,0,1,0,0,0,1,1,0,0,0,1,0,0,0,1,0,1
271,38,272,1.0,0,0,1,0,3,1,1,0,0,0,0,0,1,1,0,0,0,0,0,1,0,1,1,0
272,62,273,1.0,0,0,0,1,4,1,1,0,1,0,0,0,1,0,0,1,0,0,1,0,1,0,0,0
273,56,274,0.0,0,0,1,0,1,1,1,0,1,0,1,0,0,0,0,1,1,1,0,0,0,1,0,1
274,26,275,1.0,0,1,0,0,2,1,1,0,0,1,0,1,0,1,0,0,0,0,0,1,1,0,1,0
275,87,276,1.0,0,1,0,0,4,1,1,0,1,0,0,0,1,0,0,1,1,1,0,0,1,0,0,1
276,66,277,0.0,0,1,0,0,4,1,1,0,0,1,0,0,1,1,0,0,0,0,0,1,1,0,1,0
277,45,278,0.0,0,0,1,0,2,1,1,0,1,0,0,0,1,1,0,0,0,0,1,0,0,1,1,0
278,13,279,0.0,1,0,0,0,0,0,1,1,0,1,0,1,0,0,1,0,0,0,0,1,0,1,0,1
279,53,280,1.0,0,0,0,1,3,1,1,0,0,0,0,0,1,0,0,1,0,0,0,1,1,0,0,0
280,89,281,0.0,0,0,1,0,0,1,1,0,0,1,0,1,0,1,0,0,0,0,0,1,0,1,1,0
281,42,282,0.0,0,0,1,0,3,1,1,0,0,1,0,0,1,1,0,0,0,0,0,1,0,1,1,0
282,24,283,0.0,0,0,1,0,2,1,1,0,0,1,0,0,1,1,0,0,0,0,0,1,0,1,0,0
283,28,284,1.0,0,0,1,0,2,1,1,0,0,1,0,0,1,1,0,0,0,0,0,1,0,1,1,0
284,63,285,0.0,0,0,1,0,2,1,1,0,1,0,0,0,1,1,0,0,1,1,0,0,0,1,0,1
285,50,286,0.0,0,0,1,0,0,1,1,0,0,1,1,0,0,1,0,0,0,0,0,1,0,1,0,0
286,45,287,1.0,0,0,1,0,1,1,1,0,0,1,0,0,1,1,0,0,0,0,0,1,0,1,0,0
287,32,288,0.0,0,0,1,0,1,1,1,0,0,1,0,0,1,1,0,0,0,0,0,1,0,1,1,0
288,63,289,1.0,0,0,1,0,1,1,1,0,1,0,0,0,1,1,0,0,0,0,1,0,0,1,0,0
289,32,290,1.0,0,1,0,0,1,1,1,0,0,1,0,1,0,1,0,0,0,0,0,1,1,0,1,0
290,39,291,1.0,0,1,0,0,3,1,1,0,1,0,0,0,1,1,0,0,0,1,0,0,1,0,0,1
291,28,292,1.0,0,0,0,1,4,1,0,0,1,0,1,0,0,0,0,1,1,1,0,0,1,0,0,1
292,54,293,0.0,0,0,1,0,1,1,1,0,0,0,1,0,0,1,0,0,1,0,1,0,0,1,0,0
293,36,294,0.0,0,1,0,0,0,1,1,0,0,1,0,0,1,1,0,0,0,0,0,1,1,0,0,0
294,36,295,0.0,0,0,1,0,0,1,1,0,0,1,0,0,1,1,0,0,0,0,0,1,0,1,1,0
295,63,296,0.0,0,0,1,0,0,1,1,0,1,0,1,0,0,1,0,0,0,1,0,0,0,1,0,1
296,35,297,0.0,0,0,1,0,0,1,1,0,1,0,1,0,0,1,0,0,0,0,0,1,0,1,1,0
297,8,298,0.0,0,1,0,0,3,0,1,1,1,0,0,0,1,0,0,1,1,1,0,0,1,0,0,1
298,63,299,1.0,0,0,1,0,1,1,1,0,1,0,0,0,1,1,0,0,1,1,0,0,0,1,0,1
299,72,300,1.0,0,0,0,1,4,1,1,0,1,0,1,0,0,0,0,1,1,1,0,0,1,0,0,1
300,26,301,1.0,0,1,0,0,4,1,1,0,0,0,0,1,0,1,0,0,0,0,0,1,1,0,1,0
301,39,302,1.0,0,0,1,0,0,1,1,0,0,1,0,1,0,0,0,1,0,0,0,1,0,1,0,0
302,28,303,0.0,0,0,1,0,3,1,1,0,0,0,0,0,1,1,0,0,0,0,0,1,0,1,1,0
303,29,304,1.0,0,1,0,0,0,1,1,0,1,0,0,1,0,1,0,0,1,0,1,0,1,0,0,0
304,39,305,0.0,0,0,1,0,4,1,1,0,0,1,0,0,1,1,0,0,0,0,0,1,0,1,1,0
305,6,306,1.0,1,0,0,0,3,0,1,1,1,0,0,0,1,0,0,1,1,1,0,0,0,1,0,1
306,45,307,1.0,0,1,0,0,1,1,1,0,1,0,1,0,0,1,0,0,0,1,0,0,1,0,0,1
307,25,308,1.0,0,0,0,1,4,1,1,0,1,0,1,0,0,0,0,1,1,1,0,0,1,0,0,1
308,45,309,0.0,0,0,1,0,0,1,1,0,1,0,1,0,0,0,0,1,0,0,1,0,0,1,0,0
309,45,310,1.0,0,1,0,0,3,1,1,0,1,0,1,0,0,1,0,0,1,1,0,0,1,0,0,1
310,36,311,1.0,0,1,0,0,3,1,1,0,1,0,1,0,0,1,0,0,1,1,0,0,1,0,0,1
311,26,312,1.0,0,1,0,0,2,1,1,0,1,0,1,0,0,0,1,0,1,1,0,0,1,0,0,1
312,39,313,0.0,0,0,0,1,4,0,1,0,1,0,0,0,1,0,0,1,0,0,1,0,1,0,0,1
313,42,314,0.0,0,0,1,0,1,1,1,0,0,1,0,0,1,1,0,0,0,0,0,1,0,1,1,0
314,64,315,0.0,0,0,1,0,0,1,1,0,0,0,0,0,1,0,0,1,0,0,1,0,0,1,0,1
315,39,316,1.0,0,1,0,0,3,1,1,0,0,1,0,0,1,1,0,0,0,0,0,1,1,0,1,0
316,36,317,1.0,0,0,0,1,4,1,1,0,1,0,0,0,1,0,0,1,0,0,1,0,1,0,0,1
317,76,318,0.0,0,0,1,0,1,1,1,0,1,0,0,0,1,1,0,0,0,0,1,0,0,1,0,0
318,47,319,1.0,0,1,0,0,2,1,1,0,0,1,0,0,1,0,0,1,1,1,0,0,1,0,0,1
319,60,320,1.0,0,0,0,1,4,1,1,0,1,0,1,0,0,0,0,1,1,1,0,0,1,0,0,1
320,32,321,0.0,0,0,1,0,0,1,1,0,0,1,0,0,1,1,0,0,0,0,0,1,0,1,1,0
321,41,322,0.0,0,0,1,0,0,1,1,0,0,1,0,0,1,1,0,0,0,0,0,1,0,1,1,0
322,45,323,1.0,0,1,0,0,2,1,1,0,1,0,0,1,0,1,0,0,0,0,1,0,1,0,0,0
323,32,324,1.0,0,0,0,1,4,1,1,0,1,0,0,0,1,0,0,1,0,0,1,0,1,0,0,1
324,39,325,0.0,0,0,1,0,2,1,1,0,0,0,0,0,1,0,1,0,0,0,0,1,0,1,0,1
325,54,326,1.0,0,1,0,0,2,1,1,0,1,0,1,0,0,1,0,0,1,1,0,0,1,0,0,1
326,85,327,0.0,0,0,1,0,2,1,1,0,0,1,0,0,1,1,0,0,0,0,0,1,0,1,1,0
327,54,328,1.0,0,0,0,1,1,1,1,0,1,0,0,0,1,1,0,0,1,0,1,0,1,0,0,0
328,47,329,1.0,0,0,0,1,4,1,1,0,0,1,0,0,1,0,0,1,0,0,0,1,1,0,0,0
329,24,330,1.0,0,1,0,0,3,1,1,0,1,0,1,0,0,0,0,1,1,1,0,0,1,0,0,1
330,26,331,1.0,0,1,0,0,0,1,1,0,0,1,0,1,0,0,0,1,0,0,0,1,1,0,0,0
331,67,332,0.0,0,0,1,0,0,1,1,0,1,0,0,0,1,1,0,0,1,1,0,0,0,1,0,1
332,57,333,0.0,0,0,1,0,2,1,1,0,1,0,0,0,1,0,0,1,1,1,0,0,0,1,0,1
333,24,334,0.0,0,0,1,0,3,0,1,0,0,1,0,0,1,0,0,1,0,0,0,1,0,1,0,0
334,66,335,1.0,0,0,0,1,4,1,0,0,1,0,0,0,1,0,0,1,0,1,0,0,1,0,0,1
335,39,336,0.0,0,0,1,0,0,1,1,0,0,1,0,0,1,1,0,0,0,0,0,1,0,1,1,0
336,44,337,0.0,0,0,1,0,2,1,1,0,1,0,0,0,1,0,0,1,1,1,0,0,0,1,0,1
337,62,338,1.0,0,1,0,0,3,1,1,0,1,0,1,0,0,1,0,0,1,1,0,0,1,0,0,1
338,66,339,1.0,0,0,1,0,1,1,1,0,0,1,0,0,1,1,0,0,0,0,0,1,0,1,1,0
339,66,340,0.0,0,0,1,0,3,1,1,0,1,0,0,0,1,1,0,0,1,1,0,0,0,1,0,1
340,8,341,1.0,1,0,0,0,3,1,1,1,1,0,0,0,1,0,0,1,1,0,1,0,0,1,0,1
341,36,342,1.0,0,1,0,0,3,1,1,0,1,0,0,0,1,0,1,0,1,1,0,0,1,0,0,1
342,42,343,0.0,0,0,1,0,2,1,1,0,1,0,0,0,1,1,0,0,0,0,1,0,0,1,0,0
343,38,344,0.0,0,0,1,0,4,1,1,0,1,0,0,0,1,1,0,0,0,0,1,0,0,1,0,0
344,54,345,0.0,0,0,1,0,1,1,1,0,1,0,0,0,1,1,0,0,0,0,1,0,0,1,0,0
345,36,346,1.0,0,1,0,0,3,1,1,0,1,0,0,0,1,1,0,0,1,0,1,0,1,0,0,0
346,60,347,1.0,0,1,0,0,2,1,1,0,0,1,0,0,1,1,0,0,0,0,1,0,1,0,0,0
347,47,348,1.0,0,0,0,1,4,1,1,0,0,1,0,0,1,0,0,1,0,0,0,1,1,0,0,0
348,9,349,1.0,1,0,0,0,4,1,1,1,0,0,0,0,1,0,0,1,0,0,0,1,0,1,0,0
349,63,350,0.0,0,0,1,0,0,1,1,0,0,1,0,0,1,1,0,0,0,0,0,1,0,1,0,0
350,34,351,0.0,0,0,1,0,1,1,1,0,0,1,0,0,1,1,0,0,0,0,0,1,0,1,0,0
351,63,352,0.0,0,0,1,0,4,1,1,0,1,0,0,0,1,1,0,0,1,1,0,0,0,1,0,1
352,23,353,0.0,0,0,1,0,0,1,1,0,1,0,1,0,0,0,0,1,0,0,0,1,0,1,1,0
353,38,354,0.0,0,0,1,0,2,0,1,0,0,1,0,0,1,0,0,1,0,0,0,1,0,1,0,0
354,39,355,0.0,0,0,1,0,0,1,1,0,1,0,1,0,0,1,0,0,0,0,0,1,0,1,1,0
355,42,356,0.0,0,0,1,0,2,1,1,0,0,1,0,0,1,1,0,0,0,0,0,1,0,1,0,0
356,32,357,1.0,0,1,0,0,2,1,1,0,1,0,0,0,1,0,0,1,1,1,0,0,1,0,0,1
357,57,358,0.0,0,1,0,0,2,1,1,0,1,0,0,0,1,1,0,0,0,0,1,0,1,0,0,0
358,26,359,1.0,0,1,0,0,1,1,1,0,0,1,0,1,0,1,0,0,0,0,0,1,1,0,1,0
359,26,360,1.0,0,1,0,0,4,1,1,0,0,1,0,1,0,1,0,0,0,0,0,1,1,0,1,0
360,60,361,0.0,0,0,1,0,0,0,1,0,0,1,0,0,1,0,1,0,0,0,0,1,0,1,0,1
361,44,362,0.0,0,0,1,0,2,1,1,0,0,0,1,0,0,0,0,1,0,0,1,0,0,1,0,1
362,66,363,0.0,0,0,0,1,3,0,1,0,1,0,1,0,0,0,0,1,0,0,0,1,1,0,0,0
363,53,364,0.0,0,0,1,0,0,1,1,0,0,0,0,0,1,1,0,0,0,0,0,1,0,1,1,0
364,39,365,0.0,0,0,1,0,0,1,1,0,0,1,0,1,0,0,0,1,0,0,0,1,0,1,0,0
365,45,366,0.0,0,0,1,0,3,1,1,0,0,0,0,0,1,1,0,0,0,0,0,1,0,1,1,0
366,83,367,1.0,0,0,0,1,4,1,1,0,1,0,1,0,0,0,0,1,1,1,0,0,1,0,0,1
367,47,368,1.0,0,0,0,1,3,1,1,0,1,0,1,0,0,1,0,0,0,0,0,1,1,0,1,0
368,26,369,1.0,0,1,0,0,0,1,1,0,1,0,0,1,0,1,0,0,0,0,0,1,1,0,1,0
369,36,370,1.0,0,0,0,1,3,1,1,0,1,0,1,0,0,1,0,0,1,1,0,0,1,0,0,1
370,38,371,1.0,0,0,1,0,2,1,0,0,1,0,1,0,0,0,0,1,1,1,0,0,0,1,0,1
371,26,372,0.0,0,0,1,0,2,1,1,0,0,1,0,0,1,0,0,1,0,0,0,1,0,1,1,0
372,28,373,0.0,0,0,1,0,2,1,1,0,0,1,0,0,1,1,0,0,0,0,0,1,0,1,1,0
373,32,374,0.0,0,0,1,0,0,1,1,0,1,0,1,0,0,1,0,0,0,1,0,0,0,1,0,1
374,9,375,0.0,0,1,0,0,2,0,1,1,0,1,0,0,1,0,1,0,0,0,0,1,1,0,0,0
375,66,376,1.0,0,0,0,1,4,1,1,0,1,0,1,0,0,0,0,1,0,1,0,0,1,0,0,1
376,32,377,1.0,0,1,0,0,3,1,1,0,0,0,0,0,1,1,0,0,0,0,0,1,1,0,1,0
377,41,378,0.0,0,0,1,0,2,1,1,0,1,0,1,0,0,0,0,1,1,1,0,0,0,1,0,1
378,29,379,0.0,0,0,1,0,0,1,1,0,1,0,1,0,0,1,0,0,0,0,0,1,0,1,1,0
379,28,380,0.0,0,0,1,0,2,1,1,0,0,1,0,0,1,1,0,0,0,0,0,1,0,1,1,0
380,63,381,1.0,0,1,0,0,1,1,1,0,1,0,1,0,0,1,0,0,0,1,0,0,1,0,0,1
381,7,382,1.0,0,1,0,0,2,1,0,1,1,0,1,0,0,0,0,1,0,0,0,1,1,0,0,0
382,48,383,0.0,0,0,1,0,0,1,1,0,0,0,0,0,1,1,0,0,0,0,0,1,0,1,1,0
383,53,384,1.0,0,0,0,1,4,1,1,0,1,0,0,0,1,0,0,1,0,1,0,0,1,0,0,1
384,39,385,0.0,0,0,1,0,1,1,1,0,0,1,0,0,1,1,0,0,0,0,0,1,0,1,1,0
385,26,386,0.0,0,0,1,0,2,1,1,0,0,0,0,0,1,1,0,0,0,0,1,0,0,1,0,1
386,7,387,0.0,1,0,0,0,3,0,1,1,0,0,0,0,1,0,1,0,0,0,0,1,0,1,0,1
387,54,388,1.0,0,1,0,0,0,1,1,0,1,0,0,0,1,1,0,0,0,0,1,0,1,0,0,0
388,39,389,0.0,0,0,1,0,1,1,1,0,0,1,0,1,0,1,0,0,0,0,0,1,0,1,1,0
389,25,390,1.0,0,1,0,0,1,1,1,0,0,0,1,0,0,1,0,0,0,0,1,0,1,0,0,0
390,54,391,1.0,0,0,1,0,2,0,0,0,1,0,0,0,1,0,0,1,1,1,0,0,0,1,0,1
391,31,392,1.0,0,0,1,0,1,1,1,0,0,1,0,0,1,1,0,0,0,0,0,1,0,1,1,0
392,42,393,0.0,0,0,1,0,3,1,1,0,0,1,0,0,1,0,0,1,0,0,0,1,0,1,1,0
393,34,394,1.0,0,1,0,0,1,1,1,0,0,1,1,0,0,0,0,1,1,1,0,0,1,0,0,1
394,36,395,1.0,0,0,0,1,4,1,1,0,1,0,0,0,1,0,0,1,1,0,0,1,1,0,0,0
395,32,396,0.0,0,0,1,0,0,1,1,0,0,1,0,0,1,1,0,0,0,0,0,1,0,1,1,0
396,47,397,0.0,0,1,0,0,0,1,1,0,0,1,0,0,1,1,0,0,0,0,0,1,1,0,1,0
397,68,398,0.0,0,0,1,0,1,1,1,0,1,0,0,0,1,1,0,0,0,0,1,0,0,1,0,1
398,34,399,0.0,0,0,1,0,0,1,1,0,1,0,0,0,1,1,0,0,0,0,1,0,0,1,0,0
399,42,400,1.0,0,0,0,1,3,1,1,0,1,0,0,0,1,1,0,0,0,0,1,0,1,0,0,0
400,59,401,1.0,0,0,1,0,0,1,1,0,0,0,0,0,1,1,0,0,0,0,0,1,0,1,1,0
401,39,402,0.0,0,0,1,0,0,1,1,0,0,1,0,0,1,1,0,0,0,0,0,1,0,1,1,0
402,31,403,0.0,0,1,0,0,2,0,1,0,0,0,0,0,1,0,0,1,0,0,0,1,1,0,0,0
403,42,404,0.0,0,0,1,0,3,1,1,0,0,0,0,0,1,0,0,1,0,0,0,1,0,1,0,0
404,29,405,0.0,0,1,0,0,1,1,1,0,0,1,0,0,1,1,0,0,0,0,0,1,1,0,0,0
405,51,406,0.0,0,0,1,0,0,1,1,0,1,0,0,0,1,0,0,1,0,0,1,0,0,1,0,0
406,73,407,0.0,0,0,1,0,3,1,1,0,0,1,0,0,1,1,0,0,0,0,0,1,0,1,1,0
407,9,408,1.0,1,0,0,0,3,1,1,1,1,0,0,0,1,0,0,1,0,0,1,0,0,1,0,0
408,31,409,0.0,0,0,1,0,4,1,1,0,0,1,0,0,1,1,0,0,0,0,0,1,0,1,1,0
409,26,410,0.0,0,1,0,0,0,1,1,0,0,0,0,0,1,0,1,0,0,0,0,1,1,0,0,0
410,39,411,0.0,0,0,1,0,0,1,1,0,0,1,0,0,1,1,0,0,0,0,0,1,0,1,1,0
411,39,412,0.0,0,0,1,0,0,1,1,0,0,1,0,1,0,1,0,0,0,0,0,1,0,1,1,0
412,50,413,1.0,0,1,0,0,1,1,1,0,1,0,0,1,0,0,0,1,1,1,0,0,1,0,0,1
413,45,414,0.0,0,0,1,0,3,1,1,0,1,0,0,0,1,1,0,0,0,0,1,0,0,1,1,0
414,65,415,1.0,0,0,1,0,2,1,1,0,0,0,0,0,1,1,0,0,0,0,0,1,0,1,1,0
415,47,416,0.0,0,0,0,1,4,1,1,0,0,1,0,0,1,1,0,0,0,0,0,1,1,0,1,0
416,51,417,1.0,0,0,0,1,4,1,1,0,1,0,0,0,1,0,0,1,0,0,1,0,1,0,0,1
417,26,418,1.0,0,1,0,0,3,1,1,0,1,0,0,0,1,0,0,1,0,0,1,0,1,0,0,0
418,45,419,0.0,0,0,1,0,2,1,1,0,1,0,0,0,1,1,0,0,0,0,1,0,0,1,0,0
419,16,420,0.0,0,1,0,0,2,0,1,1,0,1,0,0,1,0,0,1,0,0,0,1,1,0,0,0
420,39,421,0.0,0,0,1,0,1,1,1,0,0,1,1,0,0,1,0,0,0,0,0,1,0,1,1,0
421,31,422,0.0,0,0,1,0,0,1,1,0,0,1,0,1,0,1,0,0,0,0,0,1,0,1,1,0
422,44,423,0.0,0,0,1,0,0,1,1,0,0,1,0,0,1,1,0,0,0,0,0,1,0,1,1,0
423,42,424,0.0,0,0,0,1,4,0,1,0,0,1,0,0,1,0,0,1,0,0,0,1,1,0,0,0
424,26,425,0.0,0,0,1,0,2,0,1,0,0,1,0,0,1,0,0,1,0,0,0,1,0,1,0,0
425,39,426,0.0,0,0,1,0,1,1,1,0,0,1,0,0,1,1,0,0,0,0,0,1,0,1,1,0
426,42,427,1.0,0,0,0,1,4,1,1,0,1,0,0,0,1,0,0,1,0,0,1,0,1,0,0,1
427,28,428,1.0,0,1,0,0,4,1,1,0,1,0,0,0,1,1,0,0,0,0,1,0,1,0,0,1
428,39,429,0.0,0,0,1,0,0,1,1,0,0,1,0,1,0,1,0,0,0,0,0,1,0,1,1,0
429,48,430,1.0,0,0,1,0,4,1,1,0,0,0,0,0,1,1,0,0,1,0,0,1,0,1,1,0
430,42,431,1.0,0,0,1,0,4,1,1,0,1,0,0,0,1,1,0,0,1,1,0,0,0,1,0,1
431,47,432,1.0,0,0,0,1,4,1,1,0,0,1,0,0,1,0,0,1,0,0,0,1,1,0,0,0
432,63,433,1.0,0,0,0,1,4,1,1,0,0,0,0,0,1,0,0,1,0,0,1,0,1,0,0,1
433,25,434,0.0,0,0,1,0,2,1,1,0,0,0,0,0,1,1,0,0,0,0,0,1,0,1,1,0
434,72,435,0.0,0,0,1,0,2,1,1,0,1,0,0,0,1,0,0,1,1,1,0,0,0,1,0,1
435,21,436,1.0,0,1,0,0,2,0,0,0,1,0,0,0,1,0,0,1,1,1,0,0,1,0,0,1
436,31,437,0.0,0,1,0,0,4,0,1,0,0,1,0,0,1,0,1,0,0,0,0,1,1,0,0,1
437,36,438,1.0,0,0,0,1,4,1,1,0,1,0,0,0,1,0,1,0,0,0,1,0,1,0,0,0
438,88,439,0.0,0,0,1,0,0,1,1,0,1,0,0,0,1,0,1,0,1,1,0,0,0,1,0,1
439,47,440,0.0,0,0,1,0,4,1,1,0,0,0,0,0,1,1,0,0,0,0,1,0,0,1,0,0
440,66,441,1.0,0,0,0,1,4,1,1,0,0,0,0,0,1,0,0,1,0,0,1,0,1,0,0,1
441,29,442,0.0,0,0,1,0,0,1,1,0,0,1,0,0,1,1,0,0,0,0,0,1,0,1,0,0
442,38,443,0.0,0,0,1,0,2,1,1,0,0,1,0,0,1,0,0,1,0,0,0,1,0,1,1,0
443,42,444,1.0,0,1,0,0,2,1,1,0,1,0,0,0,1,1,0,0,0,0,1,0,1,0,0,0
444,39,445,1.0,0,0,1,0,4,1,1,0,0,0,0,0,1,1,0,0,0,0,0,1,0,1,1,0
445,10,446,1.0,1,0,0,0,2,1,1,1,0,1,0,0,1,0,0,1,1,1,0,0,0,1,0,1
446,20,447,1.0,0,1,0,0,4,1,1,0,1,0,0,0,1,0,0,1,0,0,1,0,1,0,0,0
447,51,448,1.0,0,0,1,0,2,1,1,0,1,0,0,0,1,1,0,0,0,1,0,0,0,1,0,1
448,11,449,1.0,0,1,0,0,3,1,1,1,1,0,1,0,0,0,0,1,0,0,0,1,1,0,0,0
449,74,450,1.0,0,0,1,0,3,1,1,0,1,0,0,0,1,1,0,0,1,1,0,0,0,1,0,1
450,54,451,0.0,0,0,1,0,1,1,1,0,0,0,0,0,1,0,0,1,0,0,1,0,0,1,0,1
451,39,452,0.0,0,0,1,0,3,1,1,0,0,0,0,0,1,0,0,1,0,0,0,1,0,1,0,0
452,45,453,0.0,0,0,1,0,3,1,1,0,1,0,1,0,0,1,0,0,1,1,0,0,0,1,0,1
453,71,454,1.0,0,0,1,0,2,1,0,0,1,0,1,0,0,0,0,1,1,1,0,0,0,1,0,1
454,39,455,0.0,0,0,1,0,0,1,1,0,0,1,0,0,1,1,0,0,0,0,0,1,0,1,1,0
455,44,456,1.0,0,0,1,0,0,1,1,0,0,1,1,0,0,1,0,0,0,0,0,1,0,1,1,0
456,89,457,0.0,0,0,1,0,2,1,1,0,1,0,0,0,1,1,0,0,1,1,0,0,0,1,0,1
457,66,458,1.0,0,0,0,1,4,1,1,0,1,0,0,0,1,0,0,1,1,1,0,0,1,0,0,1
458,72,459,1.0,0,1,0,0,0,1,1,0,0,0,0,0,1,1,0,0,0,0,1,0,1,0,0,0
459,39,460,0.0,0,0,1,0,1,1,1,0,0,1,0,1,0,1,0,0,0,0,0,1,0,1,1,0
460,70,461,1.0,0,0,1,0,0,1,1,0,1,0,0,0,1,1,0,0,1,1,0,0,0,1,0,1
461,51,462,0.0,0,0,1,0,0,1,1,0,0,1,0,0,1,1,0,0,0,0,0,1,0,1,1,0
462,69,463,0.0,0,0,1,0,0,1,1,0,1,0,0,0,1,1,0,0,1,1,0,0,0,1,0,1
463,70,464,0.0,0,0,1,0,3,1,1,0,1,0,0,0,1,1,0,0,0,0,1,0,0,1,0,0
464,39,465,0.0,0,0,1,0,0,1,1,0,0,1,0,0,1,1,0,0,0,0,0,1,0,1,1,0
465,57,466,0.0,0,0,1,0,3,1,1,0,0,0,0,0,1,1,0,0,0,0,0,1,0,1,1,0
466,45,467,0.0,0,0,1,0,1,1,1,0,1,0,0,0,1,1,0,0,0,0,1,0,0,1,1,0
467,79,468,0.0,0,0,1,0,2,1,1,0,1,0,0,0,1,1,0,0,0,1,0,0,0,1,0,1
468,39,469,0.0,0,0,1,0,0,1,1,0,0,1,0,1,0,1,0,0,0,0,0,1,0,1,1,0
469,4,470,1.0,0,1,0,0,3,1,1,1,1,0,1,0,0,0,0,1,0,0,0,1,1,0,0,0
470,39,471,0.0,0,0,1,0,0,1,1,0,0,1,0,0,1,1,0,0,0,0,0,1,0,1,1,0
471,57,472,0.0,0,0,1,0,0,1,1,0,0,1,0,0,1,1,0,0,0,0,0,1,0,1,0,0
472,50,473,1.0,0,0,0,1,4,1,1,0,0,0,0,0,1,0,0,1,0,0,1,0,1,0,0,1
473,34,474,1.0,0,0,0,1,4,1,1,0,0,0,1,0,0,1,0,0,1,0,1,0,1,0,0,0
474,32,475,0.0,0,1,0,0,2,1,1,0,0,1,0,0,1,1,0,0,0,0,0,1,1,0,0,0
475,63,476,0.0,0,0,1,0,2,1,1,0,1,0,0,0,1,1,0,0,1,1,0,0,0,1,0,1
476,51,477,0.0,0,0,1,0,1,1,1,0,0,1,0,0,1,0,0,1,0,0,1,0,0,1,0,0
477,44,478,0.0,0,0,1,0,2,1,1,0,0,1,0,0,1,0,0,1,0,0,0,1,0,1,1,0
478,32,479,0.0,0,0,1,0,2,1,1,0,0,1,0,0,1,1,0,0,0,0,0,1,0,1,1,0
479,8,480,1.0,0,1,0,0,2,1,1,1,0,1,0,0,1,0,0,1,0,0,0,1,1,0,0,0
480,15,481,0.0,1,0,0,0,3,0,1,1,0,0,0,0,1,0,1,0,0,0,0,1,0,1,0,1
481,45,482,0.0,0,0,1,0,3,1,1,0,1,0,0,0,1,1,0,0,0,0,1,0,0,1,1,0
482,72,483,0.0,0,0,1,0,2,1,1,0,0,1,0,0,1,1,0,0,0,0,0,1,0,1,1,0
483,87,484,1.0,0,0,0,1,1,1,1,0,0,0,0,0,1,1,0,0,0,0,0,1,1,0,0,0
484,38,485,1.0,0,0,1,0,1,1,0,0,1,0,1,0,0,0,0,1,1,1,0,0,0,1,0,1
485,26,486,0.0,0,1,0,0,1,1,1,0,0,0,0,0,1,0,1,0,0,0,0,1,1,0,0,0
486,53,487,1.0,0,0,0,1,4,1,0,0,1,0,0,0,1,0,0,1,1,1,0,0,1,0,0,1
487,81,488,0.0,0,0,1,0,1,1,1,0,1,0,1,0,0,1,0,0,1,1,0,0,0,1,0,1
488,45,489,0.0,0,0,1,0,3,1,1,0,0,1,0,0,1,1,0,0,0,0,0,1,0,1,1,0
489,15,490,1.0,1,0,0,0,4,1,1,1,0,0,0,0,1,0,0,1,0,0,0,1,0,1,0,0
490,39,491,0.0,0,0,1,0,4,1,1,0,0,0,0,0,1,0,0,1,0,0,0,1,0,1,0,0
491,31,492,0.0,0,0,1,0,0,1,1,0,0,0,0,0,1,1,0,0,0,0,0,1,0,1,1,0
492,77,493,0.0,0,0,1,0,2,1,1,0,1,0,0,0,1,1,0,0,1,1,0,0,0,1,0,1
493,94,494,0.0,0,0,1,0,1,1,1,0,1,0,1,0,0,1,0,0,0,1,0,0,0,1,0,1
494,31,495,0.0,0,0,1,0,2,1,1,0,0,1,0,0,1,1,0,0,0,0,0,1,0,1,1,0
495,39,496,0.0,0,0,1,0,1,1,1,0,1,0,1,0,0,1,0,0,0,0,0,1,0,1,0,0
496,76,497,1.0,0,1,0,0,3,1,1,0,0,1,1,0,0,0,0,1,1,1,0,0,1,0,0,1
497,39,498,0.0,0,0,1,0,3,1,1,0,0,0,0,0,1,1,0,0,0,0,0,1,0,1,0,0
498,38,499,0.0,0,0,0,1,4,0,1,0,1,0,0,0,1,0,0,1,1,1,0,0,1,0,0,1
499,36,500,0.0,0,0,1,0,0,1,1,0,0,1,0,0,1,1,0,0,0,0,0,1,0,1,1,0
500,25,501,0.0,0,0,1,0,0,1,1,0,0,1,0,0,1,1,0,0,0,0,0,1,0,1,0,0
501,31,502,0.0,0,1,0,0,0,1,1,0,0,1,0,1,0,1,0,0,0,0,0,1,1,0,1,0
502,26,503,0.0,0,1,0,0,3,1,1,0,0,1,0,1,0,1,0,0,0,0,0,1,1,0,1,0
503,56,504,0.0,0,1,0,0,3,1,1,0,0,0,0,0,1,1,0,0,0,0,0,1,1,0,0,0
504,24,505,1.0,0,1,0,0,1,1,1,0,1,0,0,0,1,1,0,0,1,1,0,0,1,0,0,1
505,26,506,0.0,0,0,1,0,4,1,1,0,1,0,1,0,0,0,0,1,1,1,0,0,0,1,0,1
506,50,507,1.0,0,0,0,1,4,1,1,0,1,0,0,0,1,0,0,1,0,0,1,0,1,0,0,1
507,63,508,1.0,0,0,1,0,4,1,1,0,1,0,0,0,1,1,0,0,0,1,0,0,0,1,0,1
508,42,509,0.0,0,0,1,0,2,1,1,0,0,0,0,0,1,1,0,0,0,0,0,1,0,1,0,0
509,39,510,1.0,0,0,1,0,0,1,1,0,1,0,0,0,1,1,0,0,0,0,0,1,0,1,0,1
510,44,511,1.0,0,0,1,0,2,1,1,0,0,1,0,1,0,1,0,0,0,0,0,1,0,1,1,0
511,39,512,0.0,0,0,1,0,0,1,1,0,0,0,0,0,1,1,0,0,0,0,0,1,0,1,1,0
512,54,513,1.0,0,0,1,0,2,1,1,0,1,0,0,0,1,1,0,0,1,1,0,0,0,1,0,1
513,76,514,1.0,0,0,0,1,4,1,1,0,1,0,1,0,0,0,0,1,0,1,0,0,1,0,0,1
514,36,515,0.0,0,0,1,0,0,1,1,0,0,1,0,0,1,1,0,0,0,0,0,1,0,1,1,0
515,69,516,0.0,0,0,1,0,3,1,1,0,0,1,0,0,1,1,0,0,1,1,0,0,0,1,0,1
516,51,517,1.0,0,0,0,1,3,1,1,0,0,0,0,0,1,1,0,0,1,0,1,0,1,0,0,0
517,39,518,0.0,0,0,1,0,0,1,1,0,0,1,0,1,0,1,0,0,0,0,0,1,0,1,0,0
518,54,519,1.0,0,0,0,1,4,1,1,0,1,0,0,0,1,0,0,1,0,0,1,0,1,0,0,1
519,48,520,0.0,0,0,1,0,0,1,1,0,0,1,0,0,1,1,0,0,0,0,0,1,0,1,1,0
520,45,521,1.0,0,1,0,0,1,1,1,0,1,0,0,0,1,1,0,0,1,1,0,0,1,0,0,1
521,32,522,0.0,0,0,1,0,0,1,1,0,0,1,0,0,1,1,0,0,0,0,0,1,0,1,1,0
522,39,523,0.0,0,0,1,0,0,1,1,0,1,0,1,0,0,1,0,0,0,0,0,1,0,1,1,0
523,65,524,1.0,0,0,0,1,4,1,1,0,1,0,1,0,0,0,0,1,1,1,0,0,1,0,0,1
524,39,525,0.0,0,0,1,0,0,1,1,0,1,0,1,0,0,1,0,0,0,0,0,1,0,1,1,0
525,61,526,0.0,0,0,1,0,0,1,1,0,0,1,0,1,0,1,0,0,0,0,0,1,0,1,1,0
526,72,527,1.0,0,1,0,0,1,1,1,0,0,1,0,0,1,1,0,0,0,0,1,0,1,0,0,0
527,63,528,0.0,0,0,1,0,0,1,1,0,1,0,0,0,1,1,0,0,1,1,0,0,0,1,0,1
528,59,529,0.0,0,0,1,0,2,1,1,0,0,1,0,0,1,1,0,0,0,0,0,1,0,1,1,0
529,34,530,0.0,0,0,1,0,2,1,1,0,1,0,0,0,1,0,0,1,0,0,1,0,0,1,0,0
530,8,531,1.0,0,1,0,0,2,1,1,1,1,0,0,0,1,0,0,1,0,0,1,0,1,0,0,1
531,39,532,0.0,0,0,1,0,0,1,1,0,1,0,1,0,0,1,0,0,0,0,0,1,0,1,1,0
532,25,533,0.0,0,0,1,0,1,1,1,0,1,0,1,0,0,0,0,1,0,0,0,1,0,1,1,0
533,47,534,1.0,0,0,0,1,4,1,1,0,1,0,1,0,0,0,0,1,0,0,0,1,1,0,0,0
534,45,535,0.0,0,1,0,0,0,1,1,0,0,1,0,0,1,1,0,0,0,0,0,1,1,0,0,0
535,13,536,1.0,0,1,0,0,1,1,1,1,0,0,0,0,1,0,0,1,0,0,1,0,1,0,0,1
536,66,537,0.0,0,0,1,0,4,1,1,0,1,0,0,0,1,1,0,0,1,1,0,0,0,1,0,1
537,45,538,1.0,0,1,0,0,0,1,1,0,1,0,1,0,0,1,0,0,0,1,0,0,1,0,0,1
538,39,539,0.0,0,0,1,0,2,1,1,0,0,1,0,0,1,1,0,0,0,0,0,1,0,1,0,0
539,32,540,1.0,0,1,0,0,4,1,1,0,1,0,1,0,0,0,0,1,1,1,0,0,1,0,0,1
540,54,541,1.0,0,1,0,0,1,1,1,0,0,1,0,0,1,0,0,1,1,1,0,0,1,0,0,1
541,15,542,0.0,0,1,0,0,4,0,1,1,0,1,0,0,1,0,1,0,0,0,0,1,1,0,0,1
542,17,543,0.0,0,1,0,0,4,0,1,1,0,1,0,0,1,0,1,0,0,0,0,1,1,0,0,1
543,48,544,1.0,0,0,1,0,0,1,0,0,1,0,0,0,1,0,0,1,0,0,1,0,0,1,0,1
544,72,545,0.0,0,0,1,0,2,1,1,0,1,0,1,0,0,0,0,1,1,1,0,0,0,1,0,1
545,88,546,0.0,0,0,1,0,3,1,1,0,0,0,0,0,1,1,0,0,0,1,0,0,0,1,0,1
546,28,547,1.0,0,0,0,1,4,1,0,0,1,0,0,0,1,0,0,1,0,0,1,0,1,0,0,1
547,45,548,1.0,0,0,1,0,2,1,1,0,0,0,1,0,0,1,0,0,0,0,1,0,0,1,0,0
548,50,549,0.0,0,0,1,0,2,1,1,0,0,1,0,0,1,0,0,1,0,0,0,1,0,1,0,0
549,14,550,1.0,1,0,0,0,3,1,1,1,0,0,0,0,1,0,0,1,0,0,1,0,0,1,0,1
550,25,551,1.0,0,0,1,0,2,1,0,0,1,0,1,0,0,0,0,1,1,1,0,0,0,1,0,1
551,41,552,0.0,0,0,1,0,2,1,1,0,1,0,0,0,1,1,0,0,0,0,1,0,0,1,0,1
552,39,553,0.0,0,0,1,0,1,1,1,0,0,1,0,1,0,1,0,0,0,0,0,1,0,1,1,0
553,32,554,1.0,0,0,1,0,4,1,1,0,1,0,1,0,0,1,0,0,0,0,0,1,0,1,1,0
554,32,555,1.0,0,1,0,0,0,1,1,0,0,1,0,0,1,1,0,0,0,0,0,1,1,0,1,0
555,86,556,0.0,0,0,1,0,0,1,1,0,1,0,0,0,1,1,0,0,0,1,0,0,0,1,0,1
556,70,557,1.0,0,0,0,1,4,1,0,0,1,0,1,0,0,0,0,1,1,1,0,0,1,0,0,1
557,63,558,0.0,0,0,1,0,0,1,1,0,1,0,1,0,0,1,0,0,0,1,0,0,0,1,0,1
558,59,559,1.0,0,0,0,1,4,1,1,0,1,0,0,0,1,0,0,1,1,1,0,0,1,0,0,1
559,54,560,1.0,0,0,0,1,4,1,1,0,0,1,0,0,1,0,0,1,0,0,0,1,1,0,0,0
560,39,561,0.0,0,0,1,0,2,1,1,0,0,1,0,1,0,1,0,0,0,0,0,1,0,1,1,0
561,60,562,0.0,0,0,1,0,0,1,1,0,0,1,0,0,1,1,0,0,0,0,0,1,0,1,1,0
562,42,563,0.0,0,0,1,0,2,1,1,0,1,0,0,0,1,1,0,0,0,0,1,0,0,1,0,0
563,39,564,0.0,0,0,1,0,0,1,1,0,0,0,0,0,1,1,0,0,0,0,0,1,0,1,1,0
564,26,565,0.0,0,1,0,0,3,1,1,0,0,0,0,0,1,1,0,0,0,0,0,1,1,0,1,0
565,36,566,0.0,0,0,1,0,1,1,1,0,0,1,0,0,1,0,0,1,0,0,0,1,0,1,0,0
566,28,567,0.0,0,0,1,0,1,1,1,0,0,1,0,0,1,1,0,0,0,0,0,1,0,1,1,0
567,44,568,0.0,0,0,0,1,4,0,1,0,0,1,0,0,1,0,1,0,0,0,0,1,1,0,0,0
568,39,569,0.0,0,0,1,0,0,1,1,0,1,0,1,0,0,1,0,0,0,0,0,1,0,1,1,0
569,48,570,1.0,0,0,1,0,0,1,1,0,0,1,0,0,1,1,0,0,0,0,0,1,0,1,1,0
570,86,571,1.0,0,0,1,0,0,1,1,0,0,0,0,0,1,1,0,0,0,0,1,0,0,1,0,0
571,75,572,1.0,0,0,0,1,4,1,1,0,1,0,0,0,1,0,0,1,1,1,0,0,1,0,0,1
572,54,573,1.0,0,0,1,0,3,1,1,0,1,0,0,0,1,1,0,0,1,1,0,0,0,1,0,1
573,26,574,1.0,0,1,0,0,0,1,1,0,1,0,0,1,0,1,0,0,0,0,0,1,1,0,1,0
574,24,575,0.0,0,0,1,0,3,1,1,0,0,1,0,0,1,1,0,0,0,0,0,1,0,1,1,0
575,28,576,0.0,0,0,1,0,1,1,1,0,0,1,0,0,1,1,0,0,0,0,0,1,0,1,0,0
576,51,577,1.0,0,1,0,0,1,1,1,0,1,0,0,0,1,1,0,0,0,0,1,0,1,0,0,0
577,59,578,1.0,0,0,0,1,4,1,1,0,1,0,0,0,1,0,0,1,1,1,0,0,1,0,0,1
578,47,579,0.0,0,0,0,1,3,1,1,0,1,0,1,0,0,0,0,1,0,0,0,1,1,0,0,0
579,48,580,1.0,0,0,1,0,0,0,1,0,0,0,0,0,1,1,0,0,0,0,0,1,0,1,1,0
580,38,581,1.0,0,1,0,0,2,1,1,0,1,0,0,0,1,0,0,1,0,0,1,0,1,0,0,1
581,59,582,1.0,0,0,0,1,4,1,0,0,1,0,1,0,0,0,0,1,1,1,0,0,1,0,0,1
582,76,583,0.0,0,0,1,0,2,1,1,0,1,0,0,0,1,1,0,0,0,0,1,0,0,1,0,1
583,54,584,0.0,0,0,1,0,0,1,1,0,1,0,1,0,0,1,0,0,1,1,0,0,0,1,0,1
584,39,585,0.0,0,0,1,0,0,1,1,0,0,1,1,0,0,1,0,0,0,0,0,1,0,1,0,0
585,26,586,1.0,0,1,0,0,0,1,1,0,1,0,0,0,1,0,0,1,1,1,0,0,1,0,0,1
586,69,587,0.0,0,0,1,0,1,1,1,0,1,0,0,0,1,1,0,0,0,0,1,0,0,1,0,0
587,83,588,1.0,0,0,1,0,3,1,0,0,1,0,1,0,0,0,0,1,1,1,0,0,0,1,0,1
588,32,589,0.0,0,0,1,0,1,1,1,0,1,0,0,0,1,1,0,0,0,0,0,1,0,1,1,0
589,39,590,0.0,0,0,1,0,0,1,1,0,0,1,0,0,1,1,0,0,0,0,0,1,0,1,1,0
590,53,591,0.0,0,0,1,0,1,1,1,0,0,0,0,0,1,1,0,0,0,0,0,1,0,1,1,0
591,74,592,1.0,0,0,0,1,4,1,1,0,0,1,1,0,0,0,0,1,1,1,0,0,1,0,0,1
592,69,593,0.0,0,0,1,0,2,1,1,0,0,1,0,0,1,1,0,0,0,0,0,1,0,1,1,0
593,26,594,0.0,0,1,0,0,0,0,1,0,0,1,0,1,0,0,0,1,0,0,0,1,1,0,1,0
594,56,595,0.0,0,0,1,0,1,1,1,0,0,0,0,0,1,0,0,1,0,0,1,0,0,1,0,1
595,54,596,0.0,0,0,1,0,2,0,1,0,0,1,0,0,1,0,0,1,0,0,0,1,0,1,0,0
596,29,597,1.0,0,1,0,0,2,1,1,0,1,0,0,0,1,1,0,0,0,0,1,0,1,0,0,1
597,71,598,0.0,0,0,1,0,0,1,1,0,0,0,0,0,1,1,0,0,0,0,0,1,0,1,1,0
598,39,599,0.0,0,0,1,0,0,1,1,0,1,0,1,0,0,1,0,0,0,0,0,1,0,1,1,0
599,71,600,1.0,0,0,1,0,4,1,0,0,1,0,1,0,0,0,0,1,1,1,0,0,0,1,0,1
600,36,601,1.0,0,0,0,1,4,1,1,0,1,0,0,0,1,0,0,1,0,0,1,0,1,0,0,1
601,39,602,0.0,0,0,1,0,1,1,1,0,0,1,0,0,1,1,0,0,0,0,0,1,0,1,1,0
602,63,603,0.0,0,0,1,0,2,1,1,0,1,0,0,0,1,1,0,0,0,1,0,0,0,1,0,1
603,65,604,0.0,0,0,1,0,2,1,1,0,0,1,0,0,1,1,0,0,0,0,0,1,0,1,1,0
604,53,605,1.0,0,0,1,0,3,1,1,0,1,0,1,0,0,1,0,0,0,1,0,0,0,1,0,1
605,54,606,0.0,0,0,1,0,3,1,1,0,0,1,0,0,1,0,0,1,0,0,0,1,0,1,0,0
606,45,607,0.0,0,0,1,0,0,1,1,0,0,1,0,0,1,1,0,0,0,0,0,1,0,1,1,0
607,41,608,1.0,0,0,1,0,2,1,1,0,1,0,0,0,1,1,0,0,0,1,0,0,0,1,0,1
608,32,609,1.0,0,0,0,1,4,1,1,0,0,0,1,0,0,0,0,1,0,0,1,0,1,0,0,1
609,60,610,1.0,0,1,0,0,2,1,1,0,1,0,0,0,1,1,0,0,1,1,0,0,1,0,0,1
610,59,611,0.0,0,0,0,1,4,0,1,0,0,1,0,0,1,0,1,0,0,0,0,1,1,0,0,1
611,39,612,0.0,0,0,1,0,1,1,1,0,0,0,0,0,1,1,0,0,0,0,0,1,0,1,1,0
612,26,613,1.0,0,1,0,0,2,1,1,0,0,1,0,1,0,0,0,1,0,0,0,1,1,0,0,0
613,39,614,0.0,0,0,1,0,0,1,1,0,0,1,0,1,0,1,0,0,0,0,0,1,0,1,1,0
614,53,615,0.0,0,0,1,0,3,1,1,0,0,1,0,0,1,1,0,0,0,0,0,1,0,1,1,0
615,36,616,1.0,0,1,0,0,0,1,1,0,1,0,0,0,1,0,0,1,0,0,1,0,1,0,0,1
616,51,617,0.0,0,0,1,0,2,0,1,0,0,1,0,0,1,0,0,1,0,0,0,1,0,1,0,0
617,39,618,0.0,0,0,0,1,4,0,1,0,0,1,0,0,1,0,0,1,0,0,0,1,1,0,0,0
618,10,619,1.0,0,1,0,0,2,1,1,1,1,0,0,0,1,0,0,1,1,0,1,0,1,0,0,1
619,39,620,0.0,0,0,1,0,0,1,1,0,0,1,0,0,1,1,0,0,0,0,1,0,0,1,0,0
620,41,621,0.0,0,0,1,0,0,1,1,0,1,0,1,0,0,0,0,1,0,0,0,1,0,1,0,0
621,63,622,1.0,0,0,1,0,3,1,0,0,1,0,0,0,1,0,0,1,1,1,0,0,0,1,0,1
622,29,623,1.0,0,0,1,0,0,1,0,0,1,0,1,0,0,0,0,1,0,0,0,1,0,1,0,0
623,31,624,0.0,0,0,1,0,2,1,1,0,0,1,0,0,1,1,0,0,0,0,0,1,0,1,1,0
624,31,625,0.0,0,0,1,0,2,1,1,0,0,0,0,0,1,1,0,0,0,0,0,1,0,1,0,0
625,85,626,0.0,0,0,1,0,1,1,1,0,0,1,0,0,1,1,0,0,1,1,0,0,0,1,0,1
626,80,627,0.0,0,0,1,0,3,1,1,0,1,0,0,1,0,1,0,0,0,0,1,0,0,1,0,0
627,31,628,1.0,0,1,0,0,3,1,1,0,1,0,0,0,1,1,0,0,1,1,0,0,1,0,0,1
628,39,629,0.0,0,0,1,0,2,1,1,0,0,1,0,0,1,1,0,0,0,0,0,1,0,1,1,0
629,39,630,0.0,0,0,1,0,2,1,1,0,0,1,0,1,0,1,0,0,0,0,0,1,0,1,1,0
630,97,631,1.0,0,0,1,0,4,1,1,0,1,0,0,0,1,1,0,0,1,1,0,0,0,1,0,1
631,73,632,0.0,0,0,1,0,2,1,1,0,0,1,0,0,1,1,0,0,0,0,0,1,0,1,1,0
632,48,633,1.0,0,0,1,0,2,1,1,0,1,0,1,0,0,1,0,0,1,1,0,0,0,1,0,1
633,63,634,0.0,0,0,1,0,3,1,1,0,1,0,0,0,1,1,0,0,0,1,0,0,0,1,1,0
634,15,635,0.0,0,1,0,0,0,0,1,1,0,1,0,0,1,0,1,0,0,0,0,1,1,0,0,1
635,42,636,1.0,0,1,0,0,0,1,1,0,1,0,0,0,1,1,0,0,0,0,1,0,1,0,0,0
636,48,637,0.0,0,0,1,0,2,1,1,0,0,0,0,0,1,1,0,0,0,0,0,1,0,1,1,0
637,47,638,0.0,0,0,1,0,0,1,1,0,0,0,0,0,1,0,0,1,0,0,1,0,0,1,0,1
638,62,639,0.0,0,0,0,1,4,0,1,0,0,1,0,0,1,0,1,0,0,0,0,1,1,0,0,1
639,39,640,0.0,0,0,1,0,2,1,1,0,0,1,0,0,1,0,0,1,0,0,0,1,0,1,0,0
640,29,641,0.0,0,0,1,0,1,1,1,0,0,1,0,0,1,1,0,0,0,0,0,1,0,1,1,0
641,36,642,1.0,0,1,0,0,1,1,1,0,1,0,1,0,0,1,0,0,1,1,0,0,1,0,0,1
642,8,643,0.0,0,1,0,0,3,0,1,1,0,1,0,0,1,0,1,0,0,0,0,1,1,0,0,1
643,39,644,1.0,0,0,1,0,0,1,1,0,1,0,0,0,1,1,0,0,0,0,0,1,0,1,0,1
644,4,645,1.0,0,1,0,0,1,1,1,1,1,0,1,0,0,0,0,1,0,0,0,1,1,0,0,0
645,70,646,1.0,0,0,1,0,2,1,0,0,1,0,1,0,0,0,0,1,1,1,0,0,0,1,0,1
646,28,647,0.0,0,0,1,0,0,1,1,0,0,1,0,0,1,1,0,0,0,0,0,1,0,1,1,0
647,79,648,1.0,0,0,1,0,4,1,1,0,1,0,1,0,0,1,0,0,1,1,0,0,0,1,0,1
648,39,649,0.0,0,0,1,0,0,1,1,0,0,0,0,0,1,1,0,0,0,0,0,1,0,1,1,0
649,34,650,1.0,0,1,0,0,3,1,1,0,0,0,0,0,1,1,0,0,0,0,0,1,1,0,1,0
650,39,651,0.0,0,0,1,0,0,1,1,0,0,1,0,0,1,1,0,0,0,0,0,1,0,1,1,0
651,26,652,1.0,0,1,0,0,0,1,1,0,1,0,0,0,1,0,0,1,0,0,1,0,1,0,0,0
652,31,653,0.0,0,0,1,0,3,1,1,0,0,0,0,0,1,1,0,0,0,0,0,1,0,1,1,0
653,26,654,1.0,0,1,0,0,3,1,1,0,0,1,0,1,0,1,0,0,0,0,0,1,1,0,1,0
654,26,655,0.0,0,1,0,0,3,1,1,0,0,1,0,1,0,1,0,0,0,0,0,1,1,0,1,0
655,36,656,0.0,0,0,1,0,2,1,1,0,0,0,0,0,1,0,0,1,0,0,1,0,0,1,0,1
656,39,657,0.0,0,0,1,0,1,1,1,0,0,1,0,0,1,1,0,0,0,0,0,1,0,1,1,0
657,48,658,0.0,0,0,0,1,3,0,1,0,0,1,0,1,0,0,0,1,0,0,0,1,1,0,0,0
658,34,659,0.0,0,0,1,0,3,1,1,0,1,0,0,0,1,1,0,0,0,0,1,0,0,1,0,0
659,81,660,0.0,0,0,1,0,2,1,1,0,0,1,1,0,0,0,0,1,1,1,0,0,0,1,0,1
660,72,661,1.0,0,0,1,0,3,1,0,0,1,0,0,0,1,0,0,1,0,1,0,0,0,1,0,1
661,60,662,0.0,0,0,1,0,0,1,1,0,1,0,1,0,0,1,0,0,0,0,0,1,0,1,1,0
662,69,663,0.0,0,0,1,0,2,1,1,0,0,0,0,0,1,1,0,0,1,1,0,0,0,1,0,0
663,54,664,0.0,0,0,1,0,0,1,1,0,0,1,0,0,1,1,0,0,0,0,0,1,0,1,1,0
664,29,665,1.0,0,0,1,0,2,1,0,0,0,0,0,0,1,0,0,1,0,0,0,1,0,1,1,0
665,48,666,0.0,0,0,1,0,0,1,1,0,0,0,0,0,1,0,0,1,0,0,1,0,0,1,0,1
666,38,667,0.0,0,0,1,0,2,1,1,0,1,0,0,0,1,1,0,0,0,0,1,0,0,1,0,0
667,39,668,0.0,0,0,1,0,2,1,1,0,0,1,0,0,1,1,0,0,0,0,0,1,0,1,1,0
668,64,669,0.0,0,0,1,0,0,1,1,0,0,1,0,0,1,1,0,0,0,0,0,1,0,1,1,0
669,66,670,1.0,0,0,0,1,4,1,0,0,1,0,0,0,1,0,0,1,1,1,0,0,1,0,0,1
670,60,671,1.0,0,0,0,1,4,1,1,0,1,0,0,0,1,0,0,1,0,0,1,0,1,0,0,1
671,47,672,0.0,0,0,1,0,1,1,1,0,0,0,0,0,1,0,0,1,1,1,0,0,0,1,0,1
672,92,673,0.0,0,0,1,0,2,1,1,0,0,0,0,0,1,1,0,0,0,0,1,0,0,1,0,0
673,47,674,1.0,0,0,1,0,1,1,1,0,1,0,0,0,1,1,0,0,0,0,1,0,0,1,0,0
674,45,675,0.0,0,0,1,0,2,1,1,0,1,0,0,0,1,1,0,0,0,0,1,0,0,1,1,0
675,26,676,0.0,0,0,1,0,3,1,1,0,0,1,0,0,1,1,0,0,0,0,0,1,0,1,1,0
676,37,677,0.0,0,0,1,0,3,1,1,0,0,1,0,0,1,1,0,0,0,0,0,1,0,1,1,0
677,26,678,1.0,0,1,0,0,1,1,1,0,0,0,0,0,1,1,0,0,0,0,0,1,1,0,0,0
678,64,679,0.0,0,0,0,1,4,0,1,0,0,0,0,0,1,0,1,0,0,0,0,1,1,0,0,1
679,54,680,1.0,0,0,1,0,4,1,0,0,1,0,1,0,0,0,0,1,1,1,0,0,0,1,0,1
680,26,681,0.0,0,1,0,0,0,1,1,0,0,1,0,1,0,1,0,0,0,0,0,1,1,0,1,0
681,41,682,1.0,0,0,1,0,0,1,1,0,1,0,1,0,0,1,0,0,1,1,0,0,0,1,0,1
682,29,683,0.0,0,0,1,0,2,1,1,0,0,0,0,0,1,1,0,0,0,0,0,1,0,1,0,0
683,21,684,0.0,0,0,1,0,2,0,1,0,0,0,0,0,1,0,1,0,0,0,0,1,0,1,0,1
684,83,685,0.0,0,0,1,0,4,1,1,0,1,0,0,0,1,0,0,1,0,0,1,0,0,1,0,1
685,38,686,0.0,0,0,1,0,4,1,1,0,0,0,1,0,0,0,0,1,0,0,1,0,0,1,0,1
686,21,687,0.0,0,0,1,0,2,0,1,0,0,1,0,0,1,0,1,0,0,0,0,1,0,1,0,1
687,28,688,0.0,0,0,1,0,0,1,1,0,0,1,0,0,1,1,0,0,0,0,0,1,0,1,0,0
688,26,689,0.0,0,0,1,0,3,1,1,0,0,1,0,0,1,1,0,0,0,0,0,1,0,1,1,0
689,23,690,1.0,0,1,0,0,4,1,1,0,1,0,0,0,1,0,0,1,1,1,0,0,1,0,0,1
690,47,691,1.0,0,0,1,0,1,1,0,0,1,0,0,0,1,0,0,1,1,1,0,0,0,1,0,1
691,10,692,1.0,0,1,0,0,0,1,1,1,0,1,1,0,0,0,0,1,0,0,0,1,1,0,0,0
692,39,693,1.0,0,0,1,0,0,1,1,0,1,0,0,0,1,1,0,0,0,0,0,1,0,1,0,1
693,38,694,0.0,0,0,1,0,0,1,1,0,1,0,1,0,0,1,0,0,0,0,0,1,0,1,1,0
694,83,695,0.0,0,0,1,0,0,1,1,0,1,0,0,0,1,1,0,0,0,1,0,0,0,1,0,1
695,74,696,0.0,0,0,1,0,2,1,1,0,1,0,0,0,1,1,0,0,0,0,1,0,0,1,0,0
696,65,697,0.0,0,0,1,0,0,1,1,0,0,1,0,0,1,1,0,0,0,0,0,1,0,1,1,0
697,26,698,1.0,0,1,0,0,3,1,1,0,0,1,0,1,0,1,0,0,0,0,0,1,1,0,1,0
698,71,699,0.0,0,0,1,0,2,1,0,0,1,0,1,0,0,0,0,1,1,1,0,0,0,1,0,1
699,63,700,0.0,0,0,1,0,4,1,1,0,0,1,0,0,1,1,0,0,1,0,0,1,0,1,1,0
700,26,701,1.0,0,0,0,1,4,1,1,0,1,0,1,0,0,0,0,1,1,1,0,0,1,0,0,1
701,53,702,1.0,0,0,1,0,3,1,1,0,1,0,0,0,1,1,0,0,1,1,0,0,0,1,0,1
702,26,703,0.0,0,1,0,0,1,0,1,0,1,0,1,0,0,0,0,1,0,0,0,1,1,0,0,0
703,38,704,0.0,0,0,1,0,1,1,1,0,0,1,0,1,0,1,0,0,0,0,0,1,0,1,1,0
704,39,705,0.0,0,0,1,0,1,1,1,0,0,1,0,0,1,0,0,1,0,0,0,1,0,1,1,0
705,59,706,0.0,0,0,1,0,4,1,1,0,1,0,0,0,1,1,0,0,0,0,1,0,0,1,0,1
706,66,707,1.0,0,0,0,1,3,1,1,0,1,0,0,0,1,1,0,0,0,0,1,0,1,0,0,0
707,63,708,1.0,0,0,1,0,4,1,1,0,1,0,0,0,1,1,0,0,1,1,0,0,0,1,0,1
708,32,709,1.0,0,1,0,0,1,1,1,0,1,0,0,0,1,1,0,0,0,1,0,0,1,0,0,1
709,12,710,1.0,1,0,0,0,4,1,1,1,1,0,1,0,0,0,0,1,0,0,0,1,0,1,0,0
710,36,711,1.0,0,1,0,0,4,1,1,0,1,0,1,0,0,1,0,0,1,1,0,0,1,0,0,1
711,63,712,0.0,0,0,1,0,0,1,1,0,1,0,0,0,1,1,0,0,1,1,0,0,0,1,0,1
712,70,713,1.0,0,0,1,0,2,1,0,0,1,0,0,0,1,0,0,1,1,1,0,0,0,1,0,1
713,44,714,0.0,0,0,1,0,2,1,1,0,0,1,0,0,1,1,0,0,0,0,0,1,0,1,0,0
714,74,715,0.0,0,0,1,0,1,1,1,0,1,0,0,0,1,1,0,0,0,0,1,0,0,1,0,0
715,28,716,0.0,0,0,1,0,4,1,1,0,0,1,0,0,1,1,0,0,1,0,0,1,0,1,1,0
716,57,717,1.0,0,1,0,0,3,1,1,0,1,0,1,0,0,1,0,0,1,1,0,0,1,0,0,1
717,41,718,1.0,0,1,0,0,4,1,1,0,0,1,0,0,1,1,0,0,1,0,1,0,1,0,0,0
718,39,719,0.0,0,0,1,0,0,1,1,0,0,1,0,1,0,1,0,0,0,0,0,1,0,1,0,0
719,50,720,0.0,0,0,1,0,3,1,1,0,0,1,0,0,1,1,0,0,0,0,0,1,0,1,1,0
720,12,721,1.0,0,1,0,0,4,1,0,1,1,0,0,0,1,0,0,1,0,0,1,0,1,0,0,1
721,25,722,0.0,0,0,1,0,2,1,1,0,0,1,0,0,1,0,0,1,0,0,0,1,0,1,1,0
722,51,723,0.0,0,0,1,0,3,1,1,0,1,0,0,0,1,1,0,0,0,0,1,0,0,1,0,0
723,72,724,0.0,0,0,1,0,1,1,1,0,1,0,0,0,1,1,0,0,0,0,1,0,0,1,0,0
724,41,725,1.0,0,0,1,0,3,1,0,0,1,0,0,0,1,0,0,1,1,1,0,0,0,1,0,1
725,29,726,0.0,0,0,1,0,0,1,1,0,0,1,0,0,1,1,0,0,0,0,0,1,0,1,0,0
726,45,727,1.0,0,0,0,1,4,1,1,0,0,1,0,0,1,0,0,1,0,0,1,0,1,0,0,0
727,26,728,1.0,0,1,0,0,2,1,1,0,0,1,0,1,0,1,0,0,0,0,0,1,1,0,1,0
728,38,729,0.0,0,0,1,0,3,1,1,0,1,0,0,0,1,0,0,1,0,0,1,0,0,1,0,1
729,38,730,0.0,0,1,0,0,3,0,1,0,0,0,0,0,1,0,0,1,0,0,0,1,1,0,1,0
730,44,731,1.0,0,1,0,0,3,1,1,0,1,0,0,0,1,1,0,0,1,1,0,0,1,0,0,1
731,17,732,0.0,0,0,1,0,2,1,1,1,1,0,1,0,0,1,0,0,0,0,0,1,0,1,0,0
732,45,733,0.0,0,0,1,0,1,1,1,0,1,0,0,0,1,1,0,0,0,0,1,0,0,1,1,0
733,34,734,0.0,0,0,1,0,2,1,1,0,1,0,0,0,1,1,0,0,0,0,1,0,0,1,0,0
734,34,735,0.0,0,0,1,0,3,1,1,0,1,0,0,0,1,1,0,0,0,0,1,0,0,1,0,0
735,43,736,0.0,0,0,1,0,1,1,1,0,0,0,0,0,1,1,0,0,0,0,0,1,0,1,0,0
736,70,737,0.0,0,0,0,1,4,0,1,0,0,1,0,0,1,0,1,0,0,0,0,1,1,0,0,1
737,53,738,1.0,0,0,1,0,1,1,1,0,1,0,1,0,0,1,0,0,1,1,0,0,0,1,0,1
738,39,739,0.0,0,0,1,0,0,1,1,0,0,1,0,0,1,1,0,0,0,0,0,1,0,1,1,0
739,39,740,0.0,0,0,1,0,0,1,1,0,0,1,0,0,1,1,0,0,0,0,0,1,0,1,1,0
740,63,741,1.0,0,0,1,0,2,1,1,0,1,0,0,0,1,1,0,0,1,1,0,0,0,1,0,1
741,54,742,0.0,0,0,1,0,3,1,1,0,1,0,0,0,1,0,0,1,1,1,0,0,0,1,0,1
742,31,743,1.0,0,1,0,0,4,1,1,0,1,0,1,0,0,0,1,0,1,1,0,0,1,0,0,1
743,36,744,0.0,0,0,1,0,0,1,1,0,0,1,0,0,1,0,0,1,0,0,0,1,0,1,0,0
744,47,745,1.0,0,0,1,0,0,1,1,0,0,0,0,0,1,1,0,0,0,0,0,1,0,1,1,0
745,92,746,0.0,0,0,1,0,3,1,1,0,0,1,0,0,1,0,0,1,1,1,0,0,0,1,0,1
746,24,747,0.0,0,0,1,0,2,1,1,0,0,0,0,0,1,0,0,1,0,0,0,1,0,1,0,0
747,45,748,1.0,0,1,0,0,1,1,1,0,1,0,0,0,1,1,0,0,0,0,1,0,1,0,0,0
748,28,749,0.0,0,0,1,0,2,1,1,0,1,0,0,0,1,0,0,1,1,1,0,0,0,1,0,1
749,47,750,0.0,0,0,1,0,1,1,1,0,0,1,0,1,0,1,0,0,0,0,0,1,0,1,1,0
750,10,751,1.0,0,1,0,0,0,1,1,1,1,0,0,0,1,0,0,1,0,0,1,0,1,0,0,0
751,12,752,1.0,1,0,0,0,0,1,1,1,0,1,0,0,1,0,0,1,1,0,0,1,0,1,0,0
752,50,753,0.0,0,0,1,0,3,1,1,0,0,1,0,0,1,1,0,0,0,0,0,1,0,1,0,0
753,34,754,0.0,0,0,1,0,0,1,1,0,0,1,0,0,1,1,0,0,0,0,0,1,0,1,1,0
754,70,755,1.0,0,0,0,1,3,1,1,0,1,0,0,0,1,0,0,1,0,0,1,0,1,0,0,1
755,3,756,1.0,1,0,0,0,2,1,1,1,1,0,0,0,1,0,0,1,0,0,1,0,0,1,0,0
756,42,757,0.0,0,0,1,0,3,1,1,0,0,1,0,0,1,1,0,0,0,0,0,1,0,1,1,0
757,26,758,0.0,0,0,1,0,2,1,1,0,1,0,0,0,1,1,0,0,0,0,1,0,0,1,0,0
758,51,759,0.0,0,0,1,0,3,1,1,0,0,1,0,0,1,1,0,0,0,0,0,1,0,1,1,0
759,50,760,1.0,0,0,0,1,4,1,1,0,1,0,0,0,1,1,0,0,1,1,0,0,1,0,0,1
760,39,761,0.0,0,0,1,0,0,1,1,0,0,1,0,0,1,1,0,0,0,0,0,1,0,1,0,0
761,62,762,0.0,0,0,1,0,3,1,1,0,0,0,0,0,1,1,0,0,0,0,0,1,0,1,1,0
762,29,763,1.0,0,0,1,0,1,1,1,0,1,0,1,0,0,1,0,0,0,0,0,1,0,1,1,0
763,54,764,1.0,0,0,0,1,4,0,0,0,1,0,0,0,1,0,0,1,1,1,0,0,1,0,0,1
764,24,765,0.0,0,0,1,0,1,1,1,0,0,1,0,0,1,1,0,0,0,0,0,1,0,1,1,0
765,73,766,1.0,0,0,0,1,4,1,1,0,1,0,0,0,1,0,0,1,1,1,0,0,1,0,0,1
766,63,767,0.0,0,0,1,0,2,1,1,0,1,0,1,0,0,1,0,0,0,1,0,0,0,1,0,1
767,46,768,0.0,0,1,0,0,0,1,1,0,0,1,0,1,0,1,0,0,0,0,0,1,1,0,1,0
768,39,769,0.0,0,0,1,0,0,1,1,0,0,1,0,1,0,0,0,1,0,0,0,1,0,1,0,0
769,48,770,0.0,0,0,1,0,3,1,1,0,0,0,0,0,1,1,0,0,0,0,0,1,0,1,1,0
770,36,771,0.0,0,0,1,0,1,1,1,0,0,1,0,0,1,1,0,0,0,0,0,1,0,1,0,0
771,70,772,0.0,0,0,1,0,1,1,1,0,0,1,0,0,1,1,0,0,0,0,0,1,0,1,1,0
772,80,773,0.0,0,0,0,1,0,1,1,0,0,0,0,0,1,1,0,0,1,0,1,0,1,0,0,0
773,39,774,0.0,0,0,1,0,0,1,1,0,1,0,1,0,0,1,0,0,0,0,0,1,0,1,1,0
774,76,775,1.0,0,0,0,1,4,1,1,0,1,0,0,0,1,0,1,0,0,0,1,0,1,0,0,0
775,26,776,0.0,0,0,1,0,4,1,1,0,0,1,0,0,1,1,0,0,0,0,0,1,0,1,1,0
776,39,777,0.0,0,0,1,0,0,1,1,0,0,1,0,1,0,1,0,0,1,0,0,1,0,1,1,0
777,11,778,1.0,0,1,0,0,3,1,1,1,0,1,0,0,1,1,0,0,0,0,0,1,1,0,0,0
778,39,779,0.0,0,0,1,0,1,1,1,0,0,1,0,1,0,1,0,0,0,0,0,1,0,1,1,0
779,64,780,1.0,0,0,0,1,4,1,1,0,1,0,0,0,1,0,0,1,1,1,0,0,1,0,0,1
780,20,781,1.0,0,1,0,0,1,1,1,0,1,0,1,0,0,1,0,0,0,0,0,1,1,0,1,0
781,25,782,1.0,0,0,0,1,4,1,0,0,1,0,0,0,1,0,0,1,1,1,0,0,1,0,0,1
782,44,783,0.0,0,0,1,0,1,1,1,0,1,0,0,0,1,1,0,0,1,1,0,0,0,1,0,1
783,39,784,0.0,0,0,1,0,1,1,1,0,0,1,0,0,1,0,0,1,0,0,0,1,0,1,0,0
784,38,785,0.0,0,0,1,0,0,1,1,0,0,0,0,0,1,1,0,0,0,0,0,1,0,1,1,0
785,38,786,0.0,0,0,1,0,4,1,1,0,0,1,0,0,1,1,0,0,0,0,0,1,0,1,1,0
786,26,787,1.0,0,1,0,0,2,1,1,0,0,1,0,0,1,1,0,0,0,0,0,1,1,0,1,0
787,14,788,0.0,1,0,0,0,2,0,1,1,0,1,0,1,0,0,1,0,0,0,0,1,0,1,0,1
788,7,789,1.0,1,0,0,0,2,1,1,1,0,0,0,0,1,0,0,1,0,0,0,1,0,1,0,0
789,68,790,0.0,0,0,1,0,2,1,1,0,1,0,1,0,0,1,0,0,1,1,0,0,0,1,0,1
790,39,791,0.0,0,0,1,0,2,1,1,0,1,0,0,1,0,1,0,0,0,0,0,1,0,1,1,0
791,24,792,0.0,0,0,1,0,0,1,1,0,1,0,0,0,1,1,0,0,0,0,1,0,0,1,0,1
792,26,793,0.0,0,1,0,0,1,1,1,0,0,0,0,0,1,0,1,0,0,0,0,1,1,0,0,1
793,63,794,0.0,0,0,1,0,2,1,0,0,1,0,1,0,0,1,0,0,0,1,0,0,0,1,0,1
794,38,795,0.0,0,0,1,0,1,1,1,0,0,1,0,0,1,1,0,0,0,0,0,1,0,1,1,0
795,59,796,0.0,0,0,1,0,0,1,1,0,1,0,0,0,1,1,0,0,0,0,1,0,0,1,0,0
796,71,797,1.0,0,0,1,0,2,1,1,0,1,0,0,0,1,1,0,0,1,1,0,0,1,0,0,0
797,47,798,1.0,0,0,0,1,0,1,1,0,0,1,0,0,1,1,0,0,0,0,0,1,1,0,0,0
798,45,799,0.0,0,0,1,0,3,1,1,0,1,0,1,0,0,1,0,0,0,0,0,1,0,1,1,0
799,45,800,0.0,0,0,0,1,4,0,1,0,0,1,0,0,1,0,0,1,0,0,0,1,1,0,0,0
800,51,801,0.0,0,0,1,0,1,1,1,0,1,0,0,0,1,1,0,0,0,0,1,0,0,1,0,0
801,47,802,1.0,0,0,0,1,4,1,1,0,0,0,0,0,1,0,0,1,0,0,1,0,1,0,0,1
802,17,803,1.0,1,0,0,0,4,0,0,1,1,0,0,0,1,0,0,1,1,1,0,0,0,1,0,1
803,2,804,1.0,1,0,0,0,3,1,1,1,1,0,1,0,0,0,0,1,0,0,0,1,0,1,1,0
804,41,805,1.0,0,0,1,0,1,1,1,0,0,1,0,0,1,1,0,0,0,0,0,1,0,1,1,0
805,47,806,0.0,0,0,1,0,2,1,1,0,0,1,0,0,1,1,0,0,0,0,0,1,0,1,1,0
806,59,807,0.0,0,0,1,0,1,1,1,0,1,0,0,0,1,1,0,0,1,1,0,0,0,1,1,0
807,26,808,0.0,0,1,0,0,3,1,1,0,0,1,0,0,1,1,0,0,0,0,0,1,1,0,1,0
808,59,809,0.0,0,0,1,0,0,1,1,0,1,0,0,0,1,1,0,0,0,0,1,0,0,1,0,0
809,50,810,1.0,0,0,0,1,4,1,0,0,1,0,0,0,1,0,0,1,1,1,0,0,1,0,0,1
810,39,811,0.0,0,0,1,0,1,1,1,0,0,1,0,0,1,1,0,0,0,0,0,1,0,1,1,0
811,59,812,0.0,0,0,1,0,0,1,1,0,0,1,0,0,1,1,0,0,0,0,0,1,0,1,0,0
812,53,813,0.0,0,0,1,0,2,1,1,0,1,0,0,0,1,1,0,0,0,0,1,0,0,1,0,0
813,12,814,0.0,0,1,0,0,4,0,1,1,0,1,0,0,1,0,1,0,0,0,0,1,1,0,0,1
814,46,815,0.0,0,0,1,0,2,1,1,0,0,1,0,0,1,1,0,0,0,0,0,1,0,1,1,0
815,63,816,0.0,0,0,1,0,0,1,1,0,1,0,0,0,1,1,0,0,1,1,0,0,0,1,1,0
816,34,817,0.0,0,1,0,0,3,1,1,0,0,0,0,0,1,1,0,0,0,0,0,1,1,0,1,0
817,47,818,0.0,0,0,1,0,0,1,1,0,0,0,1,0,0,0,0,1,0,0,1,0,0,1,0,1
818,64,819,0.0,0,0,1,0,3,1,1,0,0,0,0,0,1,1,0,0,0,0,0,1,0,1,1,0
819,16,820,0.0,1,0,0,0,3,0,1,1,0,1,0,0,1,0,1,0,0,0,0,1,0,1,0,1
820,74,821,1.0,0,0,0,1,4,1,1,0,1,0,0,0,1,0,0,1,1,1,0,0,1,0,0,1
821,41,822,1.0,0,0,1,0,0,1,1,0,0,1,0,0,1,1,0,0,0,0,0,1,0,1,0,0
822,57,823,0.0,0,0,1,0,3,1,1,0,1,0,0,0,1,1,0,0,0,1,0,0,0,1,1,0
823,41,824,1.0,0,0,0,1,0,1,1,0,0,1,0,0,1,0,0,1,1,0,0,1,1,0,0,0
824,8,825,0.0,1,0,0,0,3,0,1,1,0,1,0,0,1,0,1,0,0,0,0,1,0,1,0,1
825,39,826,0.0,0,0,1,0,0,1,1,0,0,1,0,1,0,1,0,0,0,0,0,1,0,1,1,0
826,39,827,0.0,0,0,1,0,0,1,1,0,1,0,0,0,1,1,0,0,0,0,0,1,0,1,0,1
827,7,828,1.0,1,0,0,0,1,1,1,1,0,0,1,0,0,0,0,1,0,0,1,0,0,1,0,1
828,39,829,1.0,0,0,1,0,3,1,1,0,0,1,0,1,0,1,0,0,0,0,0,1,0,1,1,0
829,86,830,1.0,0,0,0,1,4,1,1,0,1,0,0,0,1,1,0,0,1,1,0,0,1,0,0,1
830,23,831,1.0,0,0,0,1,4,1,1,0,1,0,1,0,0,0,0,1,0,0,0,1,1,0,0,0
831,5,832,1.0,1,0,0,0,3,1,1,1,1,0,0,0,1,0,0,1,0,0,1,0,0,1,0,0
832,39,833,0.0,0,0,1,0,0,1,1,0,1,0,1,0,0,1,0,0,0,0,0,1,0,1,1,0
833,34,834,0.0,0,0,1,0,1,1,1,0,0,1,0,0,1,1,0,0,0,0,0,1,0,1,1,0
834,26,835,0.0,0,0,1,0,1,1,1,0,1,0,0,0,1,1,0,0,0,0,0,1,0,1,1,0
835,59,836,1.0,0,1,0,0,2,1,1,0,1,0,1,0,0,0,0,1,1,1,0,0,1,0,0,1
836,31,837,0.0,0,0,1,0,0,1,1,0,0,1,0,0,1,1,0,0,0,0,0,1,0,1,0,0
837,39,838,0.0,0,0,1,0,0,1,1,0,0,1,0,0,1,1,0,0,0,0,0,1,0,1,1,0
838,48,839,1.0,0,0,1,0,0,1,1,0,1,0,0,0,1,1,0,0,0,0,0,1,0,1,0,1
839,63,840,1.0,0,0,1,0,1,1,1,0,1,0,1,0,0,1,0,0,1,1,0,0,0,1,0,1
840,29,841,0.0,0,0,1,0,2,1,1,0,0,0,0,0,1,1,0,0,0,0,0,1,0,1,1,0
841,24,842,0.0,0,0,1,0,2,1,1,0,0,0,0,0,1,1,0,0,0,0,1,0,0,1,0,0
842,45,843,1.0,0,1,0,0,1,1,1,0,1,0,1,0,0,1,0,0,0,1,0,0,1,0,0,1
843,52,844,0.0,0,0,1,0,2,1,1,0,1,0,1,0,0,1,0,0,0,0,0,1,0,1,1,0
844,25,845,0.0,0,0,1,0,0,1,1,0,0,1,0,0,1,1,0,0,0,0,0,1,0,1,0,0
845,63,846,0.0,0,0,1,0,0,1,1,0,0,0,0,0,1,1,0,0,0,0,0,1,0,1,1,0
846,39,847,0.0,0,0,1,0,2,1,1,0,0,0,0,0,1,0,1,0,0,0,0,1,0,1,0,1
847,53,848,0.0,0,0,1,0,0,1,1,0,0,1,1,0,0,1,0,0,0,0,0,1,0,1,1,0
848,42,849,0.0,0,0,1,0,0,1,0,0,1,0,0,0,1,0,0,1,0,0,1,0,0,1,0,1
849,66,850,1.0,0,0,0,1,4,1,0,0,1,0,1,0,0,0,0,1,1,1,0,0,1,0,0,1
850,10,851,0.0,1,0,0,0,4,0,1,1,0,1,0,0,1,0,1,0,0,0,0,1,0,1,0,1
851,95,852,0.0,0,0,1,0,0,1,1,0,0,1,0,0,1,1,0,0,0,0,0,1,0,1,1,0
852,15,853,0.0,0,1,0,0,1,1,1,1,1,0,1,0,0,0,0,1,0,0,0,1,1,0,0,0
853,24,854,1.0,0,1,0,0,2,1,1,0,1,0,0,0,1,0,0,1,1,1,0,0,1,0,0,1
854,65,855,0.0,0,0,0,1,4,0,0,0,1,0,0,0,1,0,0,1,0,0,1,0,1,0,0,1
855,26,856,1.0,0,0,0,1,2,1,1,0,0,1,0,0,1,0,0,1,0,0,0,1,1,0,0,0
856,66,857,1.0,0,0,0,1,4,1,1,0,0,1,0,0,1,0,0,1,0,1,0,0,1,0,0,1
857,73,858,1.0,0,0,1,0,1,1,1,0,1,0,0,0,1,1,0,0,1,1,0,0,0,1,0,1
858,36,859,1.0,0,0,0,1,4,1,1,0,1,0,1,0,0,0,0,1,0,0,0,1,1,0,0,0
859,39,860,0.0,0,0,1,0,0,1,1,0,1,0,1,0,0,1,0,0,0,0,0,1,0,1,1,0
860,62,861,0.0,0,0,1,0,1,1,1,0,0,1,0,0,1,0,0,1,0,0,0,1,0,1,0,0
861,31,862,0.0,0,0,1,0,2,1,1,0,1,0,0,0,1,0,0,1,0,0,1,0,0,1,0,0
862,70,863,1.0,0,0,0,1,4,1,1,0,1,0,0,0,1,1,0,0,1,1,0,0,1,0,0,0
863,26,864,0.0,0,1,0,0,4,1,1,0,0,0,0,0,1,0,1,0,0,0,0,1,1,0,0,1
864,36,865,0.0,0,0,1,0,1,1,1,0,1,0,0,0,1,1,0,0,0,0,1,0,0,1,0,0
865,63,866,1.0,0,0,0,1,2,1,1,0,1,0,0,0,1,1,0,0,0,0,1,0,1,0,0,0
866,41,867,1.0,0,1,0,0,3,1,1,0,0,0,1,0,0,0,0,1,0,0,1,0,1,0,0,0
867,47,868,0.0,0,0,1,0,4,1,1,0,1,0,0,0,1,1,0,0,1,1,0,0,0,1,0,1
868,39,869,0.0,0,0,1,0,2,1,1,0,0,1,0,0,1,1,0,0,0,0,0,1,0,1,0,0
869,10,870,1.0,1,0,0,0,3,1,1,1,0,1,0,0,1,0,0,1,0,0,0,1,0,1,0,0
870,39,871,0.0,0,0,1,0,0,1,1,0,0,1,0,0,1,1,0,0,0,0,0,1,0,1,1,0
871,69,872,1.0,0,0,0,1,4,1,0,0,1,0,0,0,1,0,0,1,1,1,0,0,1,0,0,1
872,50,873,0.0,0,0,1,0,2,1,1,0,0,0,0,0,1,1,0,0,1,1,0,0,0,1,1,0
873,69,874,0.0,0,0,1,0,2,1,1,0,0,1,0,0,1,1,0,0,0,0,0,1,0,1,0,0
874,42,875,1.0,0,0,0,1,4,1,1,0,1,0,1,0,0,0,0,1,0,0,1,0,1,0,0,0
875,23,876,1.0,0,1,0,0,3,1,1,0,1,0,1,0,0,1,0,0,0,0,0,1,1,0,1,0
876,29,877,0.0,0,0,1,0,3,1,1,0,0,1,0,0,1,1,0,0,0,0,0,1,0,1,0,0
877,28,878,0.0,0,0,1,0,1,1,1,0,0,1,0,0,1,1,0,0,0,0,0,1,0,1,1,0
878,39,879,0.0,0,0,1,0,0,1,1,0,0,1,0,0,1,1,0,0,0,0,0,1,0,1,1,0
879,79,880,1.0,0,0,0,1,4,1,1,0,1,0,1,0,0,0,0,1,1,1,0,0,1,0,0,1
880,38,881,1.0,0,0,0,1,4,1,1,0,1,0,0,0,1,0,0,1,0,0,1,0,1,0,0,1
881,50,882,0.0,0,0,1,0,0,1,1,0,0,1,0,0,1,1,0,0,0,0,0,1,0,1,1,0
882,32,883,0.0,0,1,0,0,3,1,1,0,0,1,0,0,1,1,0,0,0,0,0,1,1,0,0,0
883,42,884,0.0,0,0,1,0,3,1,1,0,0,0,0,0,1,1,0,0,0,0,1,0,0,1,0,0
884,38,885,0.0,0,0,1,0,1,1,1,0,0,0,0,0,1,1,0,0,0,0,0,1,0,1,1,0
885,59,886,0.0,0,0,0,1,4,0,1,0,0,1,0,1,0,0,1,0,0,0,0,1,1,0,0,1
886,41,887,0.0,0,0,1,0,1,1,1,0,1,0,0,0,1,1,0,0,0,0,1,0,0,1,0,0
887,28,888,1.0,0,1,0,0,3,1,1,0,1,0,0,0,1,1,0,0,1,1,0,0,1,0,0,1
888,26,889,0.0,0,1,0,0,4,1,1,0,0,1,0,0,1,0,0,1,0,0,0,1,1,0,0,0
889,39,890,1.0,0,0,1,0,1,1,1,0,1,0,1,0,0,1,0,0,1,1,0,0,0,1,0,1
890,48,891,0.0,0,0,1,0,0,1,1,0,0,1,0,1,0,1,0,0,0,0,0,1,0,1,1,0
0,52,892,,0,0,1,0,0,1,1,0,0,1,0,1,0,1,0,0,0,0,0,1,0,1,1,0
1,69,893,,0,0,0,1,3,1,1,0,0,1,0,0,1,0,0,1,0,0,0,1,1,0,1,0
2,86,894,,0,0,1,0,2,1,1,0,1,0,0,1,0,1,0,0,0,0,1,0,0,1,0,0
3,41,895,,0,0,1,0,0,1,1,0,0,1,0,0,1,1,0,0,0,0,0,1,0,1,0,0
4,32,896,,0,0,0,1,4,1,1,0,0,1,0,0,1,0,0,1,0,0,0,1,1,0,0,0
5,21,897,,0,0,1,0,2,1,1,0,0,1,0,0,1,1,0,0,0,0,0,1,0,1,0,0
6,45,898,,0,1,0,0,1,1,1,0,0,1,0,1,0,1,0,0,0,0,0,1,1,0,1,0
7,39,899,,0,0,1,0,3,1,1,0,1,0,0,0,1,0,0,1,0,0,1,0,0,1,0,1
8,26,900,,0,0,0,1,4,1,1,0,1,0,1,0,0,1,0,0,0,0,0,1,1,0,1,0
9,31,901,,0,0,1,0,1,1,1,0,0,1,0,0,1,0,0,1,0,0,0,1,0,1,0,0
10,39,902,,0,0,1,0,0,1,1,0,0,1,0,0,1,1,0,0,0,0,0,1,0,1,1,0
11,68,903,,0,0,1,0,2,1,1,0,0,0,0,0,1,1,0,0,0,1,0,0,0,1,0,1
12,34,904,,0,0,0,1,4,1,1,0,1,0,0,0,1,0,0,1,1,1,0,0,1,0,0,1
13,87,905,,0,0,1,0,1,1,1,0,1,0,0,0,1,0,0,1,0,0,1,0,0,1,0,1
14,69,906,,0,0,0,1,4,1,1,0,0,1,0,0,1,0,0,1,1,1,0,0,1,0,0,1
15,36,907,,0,0,0,1,4,1,1,0,0,0,1,0,0,0,0,1,0,0,1,0,1,0,0,1
16,53,908,,0,0,1,0,0,1,1,0,1,0,0,1,0,1,0,0,0,0,1,0,0,1,0,0
17,31,909,,0,0,1,0,0,1,1,0,1,0,1,0,0,1,0,0,0,0,0,1,0,1,1,0
18,41,910,,0,1,0,0,3,0,1,0,0,0,0,0,1,0,0,1,0,0,0,1,1,0,1,0
19,66,911,,0,0,0,1,4,1,1,0,1,0,1,0,0,1,0,0,0,0,0,1,1,0,1,0
20,77,912,,0,0,1,0,1,1,1,0,1,0,1,0,0,0,0,1,0,1,0,0,0,1,0,1
21,15,913,,1,0,0,0,2,1,1,1,0,0,0,0,1,0,0,1,0,0,0,1,0,1,1,0
22,66,914,,0,0,0,1,4,1,1,0,1,0,0,0,1,1,0,0,0,1,0,0,1,0,0,1
23,31,915,,0,0,1,0,3,1,1,0,1,0,1,0,0,0,0,1,0,1,0,0,0,1,0,1
24,70,916,,0,0,0,1,4,1,1,0,1,0,1,0,0,0,1,0,1,1,0,0,1,0,0,1
25,72,917,,0,0,1,0,1,0,1,0,0,1,0,0,1,0,0,1,0,0,0,1,0,1,0,0
26,32,918,,0,1,0,0,3,1,1,0,1,0,1,0,0,0,0,1,1,1,0,0,1,0,0,1
27,33,919,,0,0,1,0,0,1,1,0,1,0,1,0,0,1,0,0,0,0,0,1,0,1,1,0
28,62,920,,0,0,1,0,1,1,1,0,1,0,0,0,1,1,0,0,1,1,0,0,0,1,0,1
29,39,921,,0,0,1,0,0,1,1,0,1,0,1,0,0,0,0,1,0,0,0,1,0,1,0,0
30,72,922,,0,0,1,0,3,1,1,0,0,0,0,0,1,0,0,1,0,0,1,0,0,1,0,1
31,36,923,,0,0,1,0,3,1,1,0,0,0,0,0,1,0,0,1,0,0,1,0,0,1,0,1
32,50,924,,0,0,0,1,4,1,1,0,0,0,0,0,1,0,0,1,0,0,0,1,1,0,0,0
33,47,925,,0,0,0,1,4,1,1,0,0,1,0,0,1,0,0,1,0,0,0,1,1,0,0,0
34,45,926,,0,0,1,0,2,1,1,0,1,0,1,0,0,0,0,1,1,1,0,0,0,1,0,1
35,27,927,,0,0,1,0,4,1,1,0,1,0,1,0,0,1,0,0,0,0,0,1,0,1,1,0
36,26,928,,0,1,0,0,0,1,1,0,0,1,0,0,1,1,0,0,0,0,0,1,1,0,1,0
37,31,929,,0,1,0,0,0,1,1,0,0,1,0,0,1,1,0,0,0,0,0,1,1,0,0,0
38,38,930,,0,0,1,0,0,1,1,0,0,1,0,0,1,1,0,0,0,0,0,1,0,1,0,0
39,39,931,,0,0,1,0,0,1,1,0,1,0,0,0,1,1,0,0,0,0,0,1,0,1,0,1
40,59,932,,0,0,1,0,0,1,1,0,0,1,1,0,0,0,0,1,0,0,0,1,0,1,0,0
41,63,933,,0,0,1,0,2,1,1,0,1,0,0,0,1,1,0,0,1,1,0,0,0,1,0,1
42,62,934,,0,0,1,0,1,1,1,0,0,0,0,0,1,1,0,0,0,0,0,1,0,1,1,0
43,45,935,,0,0,0,1,4,1,1,0,1,0,0,0,1,1,0,0,0,0,1,0,1,0,0,0
44,66,936,,0,0,0,1,4,1,0,0,1,0,0,0,1,0,0,1,1,1,0,0,1,0,0,1
45,38,937,,0,0,1,0,3,1,1,0,0,0,0,0,1,1,0,0,0,0,0,1,0,1,1,0
46,66,938,,0,0,1,0,2,1,1,0,1,0,1,0,0,1,0,0,1,1,0,0,0,1,0,1
47,39,939,,0,0,1,0,2,1,1,0,0,1,0,1,0,1,0,0,0,0,0,1,0,1,1,0
48,83,940,,0,0,0,1,4,1,1,0,1,0,1,0,0,1,0,0,1,1,0,0,1,0,0,1
49,54,941,,0,0,0,1,4,1,1,0,0,0,0,0,1,0,0,1,0,0,0,1,1,0,0,0
50,36,942,,0,0,1,0,2,1,1,0,1,0,0,0,1,0,0,1,1,1,0,0,0,1,0,1
51,41,943,,0,0,1,0,0,1,1,0,0,0,1,0,0,1,0,0,0,0,1,0,0,1,0,0
52,29,944,,0,1,0,0,3,1,1,0,1,0,0,0,1,0,0,1,0,0,1,0,1,0,0,0
53,42,945,,0,1,0,0,2,1,1,0,1,0,0,0,1,0,1,0,1,1,0,0,1,0,0,1
54,45,946,,0,0,1,0,4,1,1,0,0,0,1,0,0,1,0,0,0,0,1,0,0,1,0,0
55,16,947,,1,0,0,0,1,0,1,1,0,1,0,1,0,0,1,0,0,0,0,1,0,1,0,1
56,53,948,,0,0,1,0,0,1,1,0,0,1,0,0,1,1,0,0,0,0,0,1,0,1,1,0
57,38,949,,0,0,1,0,3,1,1,0,0,1,0,0,1,1,0,0,1,0,0,1,0,1,1,0
58,39,950,,0,0,1,0,2,1,1,0,0,1,0,0,1,0,0,1,0,0,0,1,0,1,0,0
59,54,951,,0,1,0,0,2,1,1,0,1,0,1,0,0,1,0,0,1,1,0,0,1,0,0,1
60,25,952,,0,0,1,0,0,1,1,0,0,1,0,0,1,1,0,0,0,0,0,1,0,1,1,0
61,48,953,,0,0,1,0,2,1,1,0,1,0,0,0,1,1,0,0,0,0,1,0,0,1,0,0
62,26,954,,0,0,1,0,3,1,1,0,0,1,0,0,1,1,0,0,0,0,0,1,0,1,1,0
63,32,955,,0,1,0,0,3,1,1,0,0,1,0,1,0,1,0,0,0,0,0,1,1,0,1,0
64,20,956,,1,0,0,0,2,1,1,0,1,0,1,0,0,0,1,0,1,1,0,0,0,1,0,1
65,46,957,,0,0,0,1,4,1,1,0,0,0,0,0,1,1,0,0,0,0,1,0,1,0,0,0
66,26,958,,0,1,0,0,1,1,1,0,0,1,0,1,0,1,0,0,0,0,0,1,1,0,1,0
67,69,959,,0,0,1,0,3,1,1,0,1,0,0,0,1,1,0,0,0,1,0,0,0,1,0,1
68,47,960,,0,0,1,0,3,1,1,0,1,0,1,0,0,1,0,0,1,1,0,0,0,1,0,1
69,83,961,,0,0,0,1,4,1,1,0,1,0,0,0,1,0,1,0,1,1,0,0,1,0,0,1
70,36,962,,0,1,0,0,2,1,1,0,0,1,0,1,0,1,0,0,0,0,0,1,1,0,1,0
71,31,963,,0,0,1,0,0,1,1,0,0,1,0,0,1,1,0,0,0,0,0,1,0,1,1,0
72,44,964,,0,1,0,0,3,1,1,0,0,1,0,0,1,1,0,0,0,0,0,1,1,0,1,0
73,43,965,,0,0,1,0,3,1,1,0,1,0,1,0,0,1,0,0,1,1,0,0,0,1,0,1
74,53,966,,0,1,0,0,1,1,1,0,1,0,1,0,0,1,0,0,1,1,0,0,1,0,0,1
75,49,967,,0,0,1,0,0,1,1,0,1,0,1,0,0,1,0,0,1,1,0,0,0,1,0,1
76,39,968,,0,0,1,0,0,1,1,0,0,1,0,0,1,1,0,0,0,0,0,1,0,1,1,0
77,77,969,,0,0,0,1,4,1,1,0,1,0,0,0,1,0,0,1,1,1,0,0,1,0,0,0
78,45,970,,0,0,1,0,3,1,1,0,1,0,0,0,1,1,0,0,0,0,1,0,0,1,0,0
79,36,971,,0,1,0,0,1,1,1,0,0,1,0,1,0,1,0,0,0,0,0,1,1,0,1,0
80,12,972,,1,0,0,0,1,1,1,1,1,0,1,0,0,0,0,1,0,0,0,1,0,1,0,0
81,91,973,,0,0,1,0,0,1,1,0,1,0,0,0,1,0,0,1,1,1,0,0,0,1,0,1
82,71,974,,0,0,1,0,1,1,1,0,1,0,0,0,1,1,0,0,0,1,0,0,0,1,0,1
83,39,975,,0,0,1,0,1,1,1,0,0,1,0,0,1,1,0,0,0,0,0,1,0,1,1,0
84,45,976,,0,0,1,0,1,1,1,0,1,0,0,1,0,1,0,0,0,0,1,0,0,1,0,0
85,39,977,,0,0,1,0,0,1,1,0,1,0,1,0,0,0,0,1,0,0,0,1,0,1,0,0
86,41,978,,0,1,0,0,0,1,1,0,0,1,0,1,0,1,0,0,0,0,0,1,1,0,1,0
87,26,979,,0,1,0,0,2,1,1,0,0,1,0,0,1,1,0,0,0,0,0,1,1,0,1,0
88,26,980,,0,1,0,0,1,1,1,0,0,1,0,1,0,1,0,0,0,0,0,1,1,0,1,0
89,8,981,,1,0,0,0,2,1,1,1,1,0,0,0,1,0,0,1,0,0,1,0,0,1,0,0
90,32,982,,0,0,0,1,4,1,1,0,0,1,0,0,1,0,0,1,0,0,0,1,1,0,0,0
91,39,983,,0,0,1,0,0,1,1,0,0,1,0,0,1,1,0,0,0,0,0,1,0,1,1,0
92,41,984,,0,0,0,1,4,1,1,0,0,0,0,0,1,0,0,1,1,1,0,0,1,0,0,1
93,39,985,,0,0,1,0,0,1,1,0,0,1,0,0,1,1,0,0,0,0,0,1,0,1,1,0
94,38,986,,0,0,1,0,0,1,1,0,1,0,1,0,0,1,0,0,0,1,0,0,0,1,0,1
95,38,987,,0,0,1,0,2,1,1,0,0,1,0,0,1,1,0,0,0,0,0,1,0,1,1,0
96,96,988,,0,0,0,1,4,1,1,0,1,0,0,0,1,0,0,1,1,1,0,0,1,0,0,1
97,44,989,,0,0,1,0,2,1,1,0,0,0,0,0,1,1,0,0,0,0,0,1,0,1,1,0
98,29,990,,0,1,0,0,3,1,1,0,0,1,0,0,1,1,0,0,0,0,0,1,1,0,1,0
99,50,991,,0,0,1,0,3,1,1,0,0,1,0,0,1,1,0,0,0,0,0,1,0,1,1,0
100,64,992,,0,0,0,1,4,1,1,0,1,0,1,0,0,0,0,1,1,1,0,0,1,0,0,1
101,41,993,,0,0,1,0,0,1,1,0,1,0,0,0,1,0,0,1,0,0,1,0,0,1,0,1
102,39,994,,0,0,1,0,0,1,1,0,0,1,0,1,0,1,0,0,0,0,0,1,0,1,1,0
103,39,995,,0,0,1,0,4,1,1,0,0,1,0,0,1,1,0,0,0,0,0,1,0,1,1,0
104,24,996,,0,0,0,1,4,1,1,0,1,0,1,0,0,0,0,1,0,0,0,1,1,0,1,0
105,42,997,,0,0,1,0,2,1,1,0,0,0,0,0,1,1,0,0,0,0,0,1,0,1,0,0
106,31,998,,0,0,1,0,0,1,1,0,0,1,0,1,0,1,0,0,0,0,0,1,0,1,1,0
107,39,999,,0,0,1,0,0,1,1,0,0,1,0,1,0,1,0,0,0,0,0,1,0,1,1,0
108,39,1000,,0,0,1,0,3,1,1,0,0,1,0,0,1,1,0,0,0,0,0,1,0,1,0,0
109,27,1001,,0,0,1,0,0,1,1,0,1,0,0,0,1,1,0,0,1,0,1,0,0,1,0,0
110,62,1002,,0,0,1,0,2,1,1,0,1,0,1,0,0,1,0,0,0,0,1,0,0,1,0,0
111,26,1003,,0,1,0,0,2,1,1,0,0,1,0,1,0,1,0,0,0,0,0,1,1,0,1,0
112,54,1004,,0,1,0,0,2,1,1,0,1,0,1,0,0,1,0,0,1,1,0,0,1,0,0,1
113,27,1005,,0,1,0,0,2,1,1,0,0,1,0,1,0,1,0,0,0,0,0,1,1,0,1,0
114,87,1006,,0,0,0,1,4,1,1,0,1,0,0,0,1,0,0,1,1,1,0,0,1,0,0,1
115,26,1007,,0,0,1,0,2,1,1,0,1,0,1,0,0,0,0,1,0,0,0,1,0,1,0,0
116,39,1008,,0,0,1,0,0,1,1,0,1,0,1,0,0,1,0,0,0,0,0,1,0,1,1,0
117,7,1009,,0,1,0,0,3,1,1,1,1,0,0,0,1,0,0,1,1,0,0,1,1,0,0,0
118,54,1010,,0,0,1,0,1,1,1,0,1,0,1,0,0,1,0,0,1,1,0,0,0,1,0,1
119,44,1011,,0,0,0,1,4,1,1,0,0,0,0,0,1,0,0,1,0,0,1,0,1,0,0,1
120,19,1012,,0,1,0,0,1,1,1,1,0,0,0,0,1,1,0,0,0,0,1,0,1,0,0,0
121,39,1013,,0,0,1,0,0,1,1,0,0,1,0,1,0,0,0,1,0,0,0,1,0,1,1,0
122,53,1014,,0,0,0,1,3,1,1,0,1,0,1,0,0,0,0,1,1,1,0,0,1,0,0,1
123,42,1015,,0,0,1,0,1,1,1,0,0,1,0,0,1,1,0,0,0,0,0,1,0,1,1,0
124,39,1016,,0,0,1,0,0,1,1,0,0,1,0,1,0,1,0,0,0,0,0,1,0,1,1,0
125,25,1017,,0,1,0,0,2,1,1,0,0,1,0,0,1,0,0,1,0,0,0,1,1,0,0,0
126,32,1018,,0,0,1,0,2,1,1,0,0,1,0,0,1,1,0,0,0,0,0,1,0,1,1,0
127,26,1019,,0,1,0,0,0,1,1,0,0,1,0,1,0,0,0,1,0,0,0,1,1,0,0,0
128,63,1020,,0,0,1,0,1,1,1,0,1,0,0,0,1,1,0,0,0,0,1,0,0,1,0,0
129,36,1021,,0,0,1,0,1,1,1,0,0,1,0,0,1,1,0,0,0,0,0,1,0,1,1,0
130,48,1022,,0,0,1,0,1,1,1,0,0,0,0,0,1,1,0,0,0,0,0,1,0,1,1,0
131,75,1023,,0,0,1,0,2,1,1,0,1,0,1,0,0,1,0,0,1,1,0,0,0,1,0,1
132,47,1024,,0,0,0,1,3,1,1,0,0,0,0,0,1,0,1,0,0,0,0,1,1,0,0,0
133,39,1025,,0,0,1,0,1,1,1,0,1,0,1,0,0,0,0,1,0,0,0,1,0,1,1,0
134,64,1026,,0,0,1,0,1,1,1,0,0,1,0,0,1,1,0,0,0,0,0,1,0,1,1,0
135,36,1027,,0,0,1,0,2,1,1,0,0,1,0,0,1,1,0,0,0,0,0,1,0,1,1,0
136,40,1028,,0,0,1,0,2,1,1,0,1,0,1,0,0,1,0,0,0,0,0,1,0,1,1,0
137,39,1029,,0,0,1,0,0,1,1,0,1,0,0,0,1,1,0,0,0,0,1,0,0,1,0,0
138,34,1030,,0,1,0,0,1,1,1,0,0,0,0,0,1,1,0,0,0,0,0,1,1,0,1,0
139,60,1031,,0,0,1,0,3,0,1,0,0,0,0,0,1,0,1,0,0,0,0,1,0,1,0,1
140,16,1032,,0,1,0,0,2,0,1,1,0,0,0,0,1,0,1,0,0,0,0,1,1,0,0,1
141,50,1033,,0,1,0,0,1,1,1,0,1,0,0,0,1,1,0,0,0,1,0,0,1,0,0,1
142,85,1034,,0,0,1,0,2,1,1,0,1,0,1,0,0,0,1,0,1,1,0,0,0,1,0,1
143,42,1035,,0,0,1,0,2,1,1,0,1,0,0,0,1,1,0,0,0,0,1,0,0,1,0,1
144,63,1036,,0,0,1,0,4,1,1,0,1,0,0,0,1,1,0,0,0,1,0,0,0,1,0,1
145,47,1037,,0,0,1,0,2,0,1,0,0,1,0,0,1,0,0,1,0,0,0,1,0,1,0,0
146,63,1038,,0,0,1,0,2,1,1,0,1,0,0,0,1,1,0,0,1,1,0,0,0,1,0,1
147,32,1039,,0,0,1,0,0,1,1,0,0,0,0,0,1,1,0,0,0,0,0,1,0,1,1,0
148,63,1040,,0,0,1,0,2,1,1,0,1,0,0,0,1,1,0,0,0,1,0,0,0,1,0,1
149,45,1041,,0,0,1,0,1,0,1,0,1,0,0,0,1,0,0,1,0,0,1,0,0,1,0,1
150,34,1042,,0,0,0,1,4,1,1,0,1,0,1,0,0,0,0,1,1,1,0,0,1,0,0,1
151,39,1043,,0,0,1,0,1,1,1,0,0,1,1,0,0,1,0,0,0,0,0,1,0,1,1,0
152,84,1044,,0,0,1,0,0,1,1,0,0,1,0,0,1,1,0,0,0,0,0,1,0,1,0,0
153,54,1045,,0,0,0,1,4,1,1,0,0,1,0,0,1,0,0,1,0,0,0,1,1,0,0,0
154,20,1046,,1,0,0,0,3,1,1,0,0,1,0,0,1,0,1,0,0,0,0,1,0,1,0,1
155,36,1047,,0,0,1,0,1,1,1,0,0,0,0,0,1,1,0,0,0,0,0,1,0,1,1,0
156,44,1048,,0,1,0,0,0,1,1,0,1,0,0,0,1,1,0,0,1,1,0,0,1,0,0,1
157,34,1049,,0,1,0,0,2,1,1,0,0,1,0,0,1,1,0,0,0,0,0,1,1,0,1,0
158,63,1050,,0,0,1,0,2,1,1,0,1,0,0,0,1,1,0,0,1,1,0,0,0,1,0,1
159,39,1051,,0,0,0,1,4,1,1,0,0,0,0,0,1,0,0,1,0,0,0,1,1,0,0,0
160,26,1052,,0,1,0,0,0,1,1,0,0,1,0,1,0,1,0,0,0,0,0,1,1,0,1,0
161,13,1053,,1,0,0,0,3,1,1,1,1,0,1,0,0,0,0,1,0,0,0,1,0,1,0,0
162,39,1054,,0,1,0,0,1,1,1,0,1,0,0,0,1,1,0,0,0,0,1,0,1,0,0,0
163,39,1055,,0,0,1,0,0,1,1,0,0,1,0,0,1,1,0,0,0,0,0,1,0,1,1,0
164,62,1056,,0,0,1,0,3,1,1,0,1,0,0,0,1,1,0,0,0,0,1,0,0,1,0,0
165,39,1057,,0,0,0,1,4,1,1,0,0,1,0,0,1,0,0,1,0,0,0,1,1,0,0,0
166,70,1058,,0,0,1,0,0,1,1,0,1,0,1,0,0,1,0,0,1,1,0,0,0,1,0,1
167,26,1059,,0,0,1,0,1,0,1,0,0,1,0,0,1,0,1,0,0,0,0,1,0,1,0,1
168,66,1060,,0,0,0,1,4,1,1,0,1,0,1,0,0,1,0,0,0,1,0,0,1,0,0,1
169,32,1061,,0,1,0,0,3,1,1,0,0,1,0,0,1,1,0,0,0,0,0,1,1,0,0,0
170,39,1062,,0,0,1,0,0,1,1,0,0,0,0,0,1,1,0,0,0,0,0,1,0,1,1,0
171,41,1063,,0,0,1,0,0,1,1,0,1,0,1,0,0,1,0,0,0,0,0,1,0,1,1,0
172,34,1064,,0,0,1,0,2,1,1,0,0,1,0,0,1,0,0,1,0,0,0,1,0,1,0,0
173,39,1065,,0,0,1,0,0,1,1,0,1,0,1,0,0,1,0,0,0,0,0,1,0,1,1,0
174,60,1066,,0,0,1,0,4,1,1,0,0,1,0,0,1,0,1,0,0,0,0,1,0,1,0,1
175,23,1067,,0,1,0,0,2,1,1,0,1,0,0,0,1,0,0,1,0,0,1,0,1,0,0,1
176,29,1068,,0,1,0,0,1,1,1,0,0,0,0,0,1,1,0,0,0,0,1,0,1,0,0,1
177,76,1069,,0,0,1,0,3,1,1,0,1,0,1,0,0,0,0,1,1,1,0,0,0,1,0,1
178,54,1070,,0,0,0,1,4,1,1,0,1,0,0,0,1,0,0,1,1,0,1,0,1,0,0,1
179,88,1071,,0,0,0,1,4,1,1,0,1,0,1,0,0,0,0,1,1,1,0,0,1,0,0,1
180,45,1072,,0,0,1,0,2,1,1,0,1,0,0,0,1,1,0,0,0,0,1,0,0,1,0,0
181,56,1073,,0,0,1,0,3,1,1,0,1,0,1,0,0,0,0,1,1,1,0,0,0,1,0,1
182,26,1074,,0,0,0,1,4,1,1,0,1,0,0,0,1,0,0,1,1,1,0,0,1,0,0,1
183,39,1075,,0,0,1,0,0,1,1,0,0,1,0,1,0,1,0,0,0,0,0,1,0,1,1,0
184,41,1076,,0,0,0,1,4,1,1,0,1,0,1,0,0,0,0,1,1,1,0,0,1,0,0,1
185,60,1077,,0,0,1,0,2,1,1,0,1,0,0,0,1,1,0,0,0,0,1,0,0,1,0,0
186,31,1078,,0,1,0,0,4,1,1,0,0,0,0,0,1,0,0,1,0,0,1,0,1,0,0,0
187,25,1079,,0,0,1,0,0,1,1,0,0,1,0,0,1,0,0,1,0,0,0,1,0,1,1,0
188,26,1080,,0,1,0,0,0,1,1,0,0,0,0,0,1,0,1,0,0,0,0,1,1,0,0,1
189,60,1081,,0,0,1,0,0,1,1,0,1,0,0,0,1,1,0,0,0,0,1,0,0,1,0,0
190,51,1082,,0,0,1,0,1,1,1,0,1,0,0,0,1,0,0,1,0,0,1,0,0,1,0,1
191,63,1083,,0,0,1,0,1,1,1,0,1,0,0,0,1,1,0,0,0,1,0,0,0,1,0,1
192,18,1084,,1,0,0,0,4,1,1,1,0,1,0,0,1,0,0,1,0,0,0,1,0,1,0,0
193,85,1085,,0,0,1,0,0,1,1,0,1,0,0,1,0,1,0,0,0,0,1,0,0,1,0,0
194,14,1086,,1,0,0,0,3,1,1,1,1,0,0,0,1,0,0,1,0,0,1,0,0,1,0,1
195,50,1087,,0,0,1,0,4,1,1,0,0,1,0,0,1,1,0,0,0,0,0,1,0,1,1,0
196,12,1088,,1,0,0,0,3,1,1,1,1,0,1,0,0,0,0,1,1,1,0,0,0,1,0,1
197,26,1089,,0,1,0,0,2,1,1,0,0,1,0,0,1,1,0,0,0,0,0,1,1,0,1,0
198,34,1090,,0,0,1,0,3,1,1,0,0,0,0,0,1,1,0,0,0,0,1,0,0,1,0,0
199,47,1091,,0,0,0,1,4,1,1,0,0,0,0,0,1,1,0,0,0,0,0,1,1,0,1,0
200,26,1092,,0,1,0,0,0,1,1,0,0,1,0,1,0,1,0,0,0,0,0,1,1,0,0,0
201,1,1093,,1,0,0,0,4,0,1,1,0,1,0,0,1,0,0,1,0,0,0,1,0,1,0,0
202,69,1094,,0,0,1,0,1,1,1,0,1,0,1,0,0,0,0,1,1,1,0,0,0,1,0,1
203,14,1095,,0,1,0,0,2,1,1,1,1,0,0,0,1,0,0,1,0,0,1,0,1,0,0,1
204,38,1096,,0,0,1,0,2,1,1,0,0,0,0,0,1,1,0,0,0,0,1,0,0,1,0,0
205,63,1097,,0,0,1,0,2,1,1,0,0,0,1,0,0,1,0,0,0,1,0,0,0,1,0,0
206,53,1098,,0,1,0,0,2,1,1,0,0,0,0,1,0,1,0,0,0,0,0,1,1,0,1,0
207,36,1099,,0,0,1,0,3,1,1,0,1,0,0,0,1,1,0,0,0,0,1,0,0,1,0,0
208,50,1100,,0,1,0,0,3,1,1,0,1,0,1,0,0,1,0,0,1,1,0,0,1,0,0,1
209,38,1101,,0,0,1,0,0,1,1,0,0,1,0,0,1,1,0,0,0,0,0,1,0,1,1,0
210,48,1102,,0,0,1,0,2,1,1,0,0,0,0,0,1,1,0,0,0,0,0,1,0,1,0,0
211,39,1103,,0,0,1,0,0,1,1,0,0,0,0,0,1,1,0,0,0,0,0,1,0,1,1,0
212,25,1104,,0,0,1,0,2,1,1,0,0,0,0,0,1,1,0,0,0,0,1,0,0,1,0,1
213,83,1105,,0,0,0,1,4,1,1,0,1,0,0,0,1,0,0,1,0,0,1,0,1,0,0,1
214,57,1106,,0,1,0,0,4,0,1,0,0,1,0,0,1,0,1,0,0,0,0,1,1,0,1,0
215,63,1107,,0,0,1,0,1,1,1,0,1,0,0,0,1,1,0,0,1,1,0,0,0,1,0,1
216,26,1108,,0,1,0,0,2,1,1,0,0,1,0,1,0,1,0,0,0,0,0,1,1,0,1,0
217,80,1109,,0,0,1,0,2,1,1,0,0,1,0,0,1,0,0,1,0,1,0,0,0,1,0,1
218,72,1110,,0,0,0,1,4,1,1,0,1,0,1,0,0,0,0,1,1,1,0,0,1,0,0,1
219,39,1111,,0,0,1,0,3,1,1,0,0,1,0,0,1,1,0,0,0,0,0,1,0,1,1,0
220,45,1112,,0,1,0,0,3,1,1,0,0,0,1,0,0,0,0,1,0,0,1,0,1,0,0,0
221,31,1113,,0,0,1,0,1,1,1,0,0,1,0,0,1,1,0,0,0,0,0,1,0,1,1,0
222,32,1114,,0,0,0,1,2,1,1,0,0,1,0,0,1,1,0,0,1,0,1,0,1,0,0,0
223,31,1115,,0,0,1,0,3,1,1,0,0,1,0,0,1,1,0,0,0,0,0,1,0,1,1,0
224,75,1116,,0,0,0,1,4,1,1,0,1,0,1,0,0,1,0,0,0,1,0,0,1,0,0,1
225,47,1117,,0,0,0,1,4,1,1,0,1,0,1,0,0,0,0,1,0,0,0,1,1,0,0,0
226,34,1118,,0,0,1,0,2,1,1,0,0,1,0,0,1,1,0,0,0,0,0,1,0,1,1,0
227,26,1119,,0,1,0,0,1,1,1,0,0,1,0,1,0,1,0,0,0,0,0,1,1,0,1,0
228,61,1120,,0,0,1,0,2,1,1,0,0,0,0,0,1,1,0,0,0,0,0,1,0,1,0,0
229,54,1121,,0,0,1,0,4,1,1,0,1,0,0,0,1,1,0,0,0,0,1,0,0,1,0,0
230,21,1122,,0,0,1,0,2,1,1,0,1,0,0,0,1,1,0,0,0,0,1,0,0,1,0,1
231,31,1123,,0,1,0,0,2,1,1,0,1,0,0,0,1,1,0,0,0,1,0,0,1,0,0,1
232,31,1124,,0,0,1,0,1,1,1,0,0,1,0,0,1,0,0,1,0,0,0,1,0,1,1,0
233,39,1125,,0,0,1,0,1,1,1,0,0,1,0,1,0,1,0,0,0,0,0,1,0,1,1,0
234,59,1126,,0,0,1,0,2,1,1,0,1,0,1,0,0,0,0,1,1,1,0,0,0,1,0,1
235,29,1127,,0,0,1,0,1,1,1,0,0,1,0,0,1,1,0,0,0,0,0,1,0,1,1,0
236,88,1128,,0,0,1,0,2,1,1,0,1,0,1,0,0,0,0,1,1,1,0,0,0,1,0,1
237,29,1129,,0,0,1,0,0,1,1,0,1,0,1,0,0,1,0,0,0,0,0,1,0,1,1,0
238,26,1130,,0,1,0,0,1,1,1,0,1,0,0,0,1,0,0,1,0,0,1,0,1,0,0,0
239,70,1131,,0,0,0,1,4,1,1,0,1,0,1,0,0,0,0,1,1,1,0,0,1,0,0,1
240,77,1132,,0,0,0,1,4,1,1,0,1,0,1,0,0,1,0,0,0,1,0,0,1,0,0,1
241,66,1133,,0,0,0,1,3,1,1,0,1,0,0,0,1,0,0,1,0,0,1,0,1,0,0,1
242,66,1134,,0,0,1,0,3,1,1,0,1,0,1,0,0,0,0,1,1,1,0,0,0,1,0,1
243,39,1135,,0,0,1,0,0,1,1,0,0,1,0,0,1,1,0,0,0,0,0,1,0,1,1,0
244,12,1136,,1,0,0,0,4,1,1,1,0,1,0,0,1,0,0,1,0,0,0,1,0,1,0,0
245,62,1137,,0,0,1,0,1,1,1,0,1,0,0,0,1,0,0,1,1,1,0,0,0,1,0,1
246,32,1138,,0,0,0,1,4,1,1,0,0,0,0,0,1,1,0,0,0,0,1,0,1,0,0,0
247,63,1139,,0,0,1,0,1,1,1,0,1,0,0,0,1,0,0,1,0,0,1,0,0,1,0,1
248,44,1140,,0,0,0,1,4,1,1,0,1,0,0,0,1,0,0,1,0,0,1,0,1,0,0,1
249,47,1141,,0,0,0,1,4,1,1,0,1,0,1,0,0,0,0,1,0,0,0,1,1,0,0,0
250,6,1142,,0,1,0,0,1,1,1,1,0,0,0,0,1,0,0,1,0,0,1,0,1,0,0,1
251,29,1143,,0,0,1,0,4,1,1,0,0,0,0,0,1,1,0,0,0,0,0,1,0,1,1,0
252,41,1144,,0,0,1,0,2,1,1,0,1,0,1,0,0,0,0,1,1,1,0,0,0,1,0,1
253,36,1145,,0,0,1,0,2,1,1,0,0,1,0,0,1,1,0,0,0,0,0,1,0,1,0,0
254,49,1146,,0,0,1,0,0,1,1,0,0,1,0,0,1,1,0,0,0,0,0,1,0,1,0,0
255,39,1147,,0,0,1,0,2,1,1,0,0,0,0,0,1,1,0,0,0,0,0,1,0,1,1,0
256,39,1148,,0,0,1,0,0,1,1,0,0,1,0,1,0,1,0,0,0,0,0,1,0,1,1,0
257,42,1149,,0,0,1,0,1,1,1,0,0,1,0,0,1,1,0,0,0,0,0,1,0,1,1,0
258,28,1150,,0,1,0,0,1,1,1,0,1,0,0,0,1,1,0,0,0,0,1,0,1,0,0,0
259,31,1151,,0,0,1,0,2,1,1,0,0,1,0,0,1,1,0,0,0,0,0,1,0,1,1,0
260,55,1152,,0,0,1,0,4,1,1,0,0,1,0,0,1,0,0,1,0,0,0,1,0,1,0,0
261,31,1153,,0,0,1,0,3,1,1,0,0,1,0,0,1,1,0,0,0,0,0,1,0,1,1,0
262,44,1154,,0,0,0,1,4,1,1,0,1,0,0,0,1,0,0,1,0,0,1,0,1,0,0,0
263,7,1155,,0,1,0,0,3,1,1,1,0,1,0,0,1,0,0,1,0,0,0,1,1,0,0,0
264,45,1156,,0,0,1,0,4,1,1,0,0,0,1,0,0,1,0,0,0,0,1,0,0,1,0,0
265,39,1157,,0,0,1,0,1,1,1,0,0,1,0,0,1,1,0,0,0,0,0,1,0,1,1,0
266,63,1158,,0,0,1,0,4,1,1,0,1,0,0,0,1,1,0,0,0,1,0,0,0,1,1,0
267,39,1159,,0,0,1,0,2,1,1,0,0,0,0,0,1,1,0,0,0,0,0,1,0,1,1,0
268,26,1160,,0,1,0,0,2,1,1,0,0,1,0,0,1,1,0,0,0,0,0,1,1,0,1,0
269,25,1161,,0,0,1,0,0,1,1,0,0,1,0,0,1,1,0,0,0,0,0,1,0,1,0,0
270,68,1162,,0,0,1,0,3,1,1,0,1,0,1,0,0,1,0,0,1,1,0,0,0,1,0,1
271,39,1163,,0,0,1,0,0,1,1,0,0,1,0,1,0,1,0,0,0,0,0,1,0,1,1,0
272,39,1164,,0,0,0,1,4,1,1,0,1,0,1,0,0,0,0,1,1,1,0,0,1,0,0,1
273,26,1165,,0,1,0,0,0,1,1,0,0,1,0,1,0,0,0,1,0,0,0,1,1,0,0,0
274,39,1166,,0,0,1,0,1,1,1,0,1,0,1,0,0,1,0,0,0,0,0,1,0,1,1,0
275,29,1167,,0,1,0,0,4,1,1,0,1,0,0,0,1,0,0,1,0,0,1,0,1,0,0,1
276,42,1168,,0,0,1,0,3,1,1,0,0,0,0,0,1,1,0,0,0,0,1,0,0,1,0,0
277,60,1169,,0,0,1,0,1,1,1,0,1,0,0,0,1,0,0,1,0,0,1,0,0,1,0,1
278,45,1170,,0,0,1,0,1,1,1,0,0,0,0,0,1,0,0,1,0,0,1,0,0,1,0,0
279,32,1171,,0,0,1,0,2,1,1,0,0,1,0,0,1,1,0,0,0,0,1,0,0,1,0,0
280,34,1172,,0,1,0,0,1,1,1,0,0,1,0,0,1,1,0,0,0,0,0,1,1,0,0,0
281,4,1173,,1,0,0,0,3,1,1,1,0,0,0,0,1,0,0,1,0,0,0,1,0,1,0,0
282,26,1174,,0,1,0,0,1,1,1,0,0,1,0,1,0,1,0,0,0,0,0,1,1,0,1,0
283,15,1175,,0,1,0,0,2,1,1,1,1,0,1,0,0,0,0,1,0,0,0,1,1,0,0,0
284,8,1176,,0,1,0,0,2,0,1,1,0,1,0,0,1,0,0,1,0,0,0,1,1,0,0,0
285,54,1177,,0,0,1,0,0,1,1,0,0,1,0,0,1,1,0,0,0,0,0,1,0,1,1,0
286,39,1178,,0,0,1,0,4,1,1,0,0,0,0,0,1,1,0,0,0,0,0,1,0,1,1,0
287,36,1179,,0,0,1,0,2,1,1,0,1,0,0,0,1,0,0,1,1,1,0,0,0,1,0,1
288,39,1180,,0,0,1,0,1,1,1,0,1,0,1,0,0,1,0,0,1,0,0,1,0,1,1,0
289,39,1181,,0,0,1,0,0,0,1,0,0,1,0,0,1,1,0,0,0,0,0,1,0,1,1,0
290,63,1182,,0,0,1,0,4,1,1,0,1,0,0,0,1,1,0,0,0,1,0,0,0,1,0,1
291,45,1183,,0,1,0,0,4,1,1,0,0,1,0,1,0,1,0,0,0,0,0,1,1,0,1,0
292,39,1184,,0,0,1,0,0,1,1,0,1,0,1,0,0,1,0,0,0,0,0,1,0,1,1,0
293,75,1185,,0,0,1,0,1,1,1,0,0,1,0,0,1,0,0,1,1,1,0,0,0,1,0,1
294,54,1186,,0,0,1,0,2,1,1,0,0,1,0,0,1,1,0,0,0,0,0,1,0,1,0,0
295,39,1187,,0,0,1,0,1,1,1,0,0,1,0,0,1,1,0,0,0,0,0,1,0,1,1,0
296,7,1188,,0,1,0,0,1,1,1,1,0,0,1,0,0,0,0,1,0,0,1,0,1,0,0,1
297,39,1189,,0,0,1,0,0,1,1,0,1,0,1,0,0,0,0,1,0,0,0,1,0,1,0,0
298,45,1190,,0,0,1,0,2,1,1,0,1,0,0,0,1,1,0,0,0,1,0,0,0,1,0,1
299,44,1191,,0,0,1,0,0,1,1,0,0,1,0,0,1,1,0,0,0,0,0,1,0,1,1,0
300,48,1192,,0,0,1,0,2,1,1,0,0,1,0,0,1,1,0,0,0,0,0,1,0,1,1,0
301,45,1193,,0,0,1,0,0,1,1,0,1,0,1,0,0,1,0,0,1,0,1,0,0,1,0,0
302,64,1194,,0,0,1,0,2,1,1,0,0,0,0,0,1,0,0,1,0,0,1,0,0,1,0,0
303,36,1195,,0,0,1,0,0,1,1,0,0,1,0,0,1,1,0,0,0,0,0,1,0,1,0,0
304,26,1196,,0,1,0,0,4,1,1,0,0,1,0,1,0,1,0,0,0,0,0,1,1,0,1,0
305,88,1197,,0,0,0,1,4,1,1,0,1,0,0,0,1,0,0,1,1,1,0,0,1,0,0,1
306,45,1198,,0,0,1,0,4,0,1,0,1,0,0,0,1,0,0,1,1,1,0,0,0,1,0,1
307,5,1199,,1,0,0,0,2,1,1,1,0,1,0,0,1,0,0,1,0,0,0,1,0,1,0,0
308,77,1200,,0,0,1,0,2,1,1,0,1,0,0,0,1,0,0,1,1,1,0,0,0,1,0,1
309,66,1201,,0,0,0,1,4,1,1,0,0,1,0,0,1,0,0,1,0,0,0,1,1,0,0,0
310,26,1202,,0,0,1,0,1,1,1,0,0,1,0,0,1,1,0,0,0,0,0,1,0,1,0,0
311,32,1203,,0,0,1,0,1,1,1,0,1,0,1,0,0,1,0,0,0,0,0,1,0,1,1,0
312,39,1204,,0,0,1,0,0,1,1,0,0,0,0,0,1,1,0,0,0,0,0,1,0,1,1,0
313,56,1205,,0,1,0,0,0,1,1,0,0,1,0,1,0,1,0,0,0,0,0,1,1,0,1,0
314,77,1206,,0,0,0,1,4,1,1,0,1,0,1,0,0,1,0,0,1,1,0,0,1,0,0,1
315,25,1207,,0,1,0,0,1,1,1,0,0,1,0,1,0,1,0,0,0,0,0,1,1,0,1,0
316,80,1208,,0,0,1,0,3,1,1,0,1,0,1,0,0,0,0,1,1,1,0,0,0,1,0,1
317,28,1209,,0,0,1,0,2,1,1,0,1,0,0,0,1,1,0,0,0,0,1,0,0,1,0,0
318,41,1210,,0,0,1,0,2,1,1,0,0,1,0,0,1,1,0,0,0,0,0,1,0,1,1,0
319,32,1211,,0,0,1,0,3,1,1,0,0,0,0,0,1,0,0,1,0,0,1,0,0,1,0,1
320,39,1212,,0,0,1,0,2,0,1,0,0,1,0,0,1,1,0,0,0,0,0,1,0,1,1,0
321,38,1213,,0,0,1,0,1,1,1,0,1,0,1,0,0,1,0,0,1,0,0,1,0,1,1,0
322,39,1214,,0,0,1,0,0,1,1,0,1,0,0,0,1,1,0,0,1,0,1,0,0,1,0,0
323,50,1215,,0,0,1,0,0,1,1,0,1,0,0,0,1,1,0,0,0,1,0,0,0,1,0,1
324,59,1216,,0,1,0,0,1,1,1,0,1,0,0,0,1,1,0,0,0,1,0,0,1,0,0,1
325,34,1217,,0,0,1,0,0,1,1,0,0,0,0,0,1,1,0,0,0,0,0,1,0,1,1,0
326,19,1218,,0,1,0,0,3,1,1,1,1,0,0,0,1,0,0,1,1,0,1,0,1,0,0,1
327,68,1219,,0,0,1,0,4,1,1,0,1,0,1,0,0,1,0,0,0,1,0,0,0,1,0,1
328,44,1220,,0,0,1,0,3,1,1,0,1,0,0,0,1,0,0,1,0,0,1,0,0,1,0,1
329,31,1221,,0,0,1,0,0,1,1,0,1,0,0,0,1,1,0,0,0,0,1,0,0,1,0,0
330,70,1222,,0,0,0,1,4,1,1,0,0,0,0,0,1,0,0,1,0,0,1,0,1,0,0,1
331,59,1223,,0,0,1,0,3,1,1,0,1,0,1,0,0,1,0,0,1,1,0,0,0,1,0,1
332,39,1224,,0,0,1,0,0,1,1,0,1,0,1,0,0,1,0,0,0,0,0,1,0,1,1,0
333,28,1225,,0,0,0,1,4,1,0,0,1,0,1,0,0,0,0,1,0,0,0,1,1,0,0,0
334,41,1226,,0,0,1,0,0,1,1,0,0,1,0,0,1,1,0,0,0,0,0,1,0,1,1,0
335,45,1227,,0,0,1,0,2,1,1,0,1,0,0,0,1,1,0,0,1,1,0,0,0,1,0,1
336,48,1228,,0,0,1,0,2,1,1,0,1,0,0,0,1,1,0,0,0,0,1,0,0,1,0,0
337,59,1229,,0,0,1,0,0,1,1,0,1,0,1,0,0,0,0,1,0,0,0,1,0,1,1,0
338,38,1230,,0,0,1,0,1,1,1,0,0,0,0,0,1,1,0,0,0,0,1,0,0,1,0,1
339,12,1231,,1,0,0,0,1,1,1,1,1,0,1,0,0,1,0,0,0,0,0,1,0,1,1,0
340,26,1232,,0,0,1,0,3,1,1,0,0,0,0,0,1,1,0,0,0,0,1,0,0,1,0,0
341,48,1233,,0,0,1,0,2,1,1,0,0,1,0,0,1,1,0,0,0,0,0,1,0,1,1,0
342,39,1234,,0,0,1,0,1,1,1,0,0,0,0,0,1,0,1,0,0,0,0,1,0,1,0,1
343,81,1235,,0,0,0,1,4,1,0,0,1,0,1,0,0,0,0,1,1,1,0,0,1,0,0,1
344,12,1236,,1,0,0,0,4,1,1,1,0,1,0,0,1,0,0,1,0,0,0,1,0,1,0,0
345,24,1237,,0,1,0,0,2,1,1,0,0,1,0,0,1,1,0,0,0,0,0,1,1,0,1,0
346,39,1238,,0,0,1,0,2,1,1,0,1,0,0,0,1,1,0,0,0,0,1,0,0,1,0,0
347,57,1239,,0,0,0,1,4,1,1,0,1,0,1,0,0,1,0,0,0,0,0,1,1,0,1,0
348,36,1240,,0,0,1,0,0,1,1,0,1,0,0,0,1,1,0,0,0,0,1,0,0,1,0,0
349,47,1241,,0,1,0,0,1,1,1,0,0,0,0,0,1,1,0,0,0,0,1,0,1,0,0,0
350,66,1242,,0,0,0,1,4,1,0,0,1,0,1,0,0,0,0,1,1,1,0,0,1,0,0,1
351,38,1243,,0,0,1,0,2,1,1,0,0,0,0,0,1,1,0,0,0,0,1,0,0,1,0,0
352,26,1244,,0,0,1,0,0,1,1,0,0,0,0,0,1,1,0,0,0,0,1,0,0,1,0,1
353,71,1245,,0,0,1,0,0,1,1,0,1,0,0,0,1,0,0,1,0,0,1,0,0,1,0,1
354,0,1246,,0,1,0,0,4,1,1,1,0,0,0,0,1,0,0,1,0,0,0,1,1,0,0,0
355,72,1247,,0,0,1,0,2,1,1,0,1,0,0,0,1,1,0,0,1,1,0,0,0,1,0,1
356,82,1248,,0,0,0,1,4,1,1,0,1,0,0,0,1,0,0,1,1,1,0,0,1,0,0,1
357,39,1249,,0,0,1,0,0,1,1,0,1,0,0,0,1,1,0,0,0,0,0,1,0,1,1,0
358,39,1250,,0,0,1,0,1,1,1,0,0,1,0,1,0,1,0,0,0,0,0,1,0,1,1,0
359,45,1251,,0,0,0,1,4,1,1,0,0,1,0,0,1,0,0,1,0,0,0,1,1,0,0,0
360,22,1252,,1,0,0,0,2,1,1,0,0,0,0,0,1,0,1,0,0,0,0,1,0,1,0,1
361,36,1253,,0,0,0,1,4,1,1,0,0,0,1,0,0,0,0,1,0,0,1,0,1,0,0,1
362,47,1254,,0,0,0,1,4,1,1,0,0,0,0,0,1,1,0,0,0,0,1,0,1,0,0,0
363,41,1255,,0,0,1,0,0,1,1,0,0,1,0,0,1,1,0,0,0,0,0,1,0,1,0,0
364,38,1256,,0,0,0,1,4,1,0,0,1,0,1,0,0,0,0,1,1,1,0,0,1,0,0,1
365,47,1257,,0,0,0,1,3,1,1,0,0,0,0,0,1,0,1,0,0,0,0,1,1,0,0,1
366,39,1258,,0,0,1,0,0,1,1,0,1,0,1,0,0,0,0,1,0,0,0,1,0,1,0,0
367,32,1259,,0,1,0,0,4,1,1,0,0,1,0,0,1,1,0,0,0,0,0,1,1,0,0,1
368,66,1260,,0,0,0,1,4,1,1,0,1,0,1,0,0,0,0,1,0,1,0,0,1,0,0,1
369,44,1261,,0,0,1,0,3,1,1,0,0,0,1,0,0,1,0,0,0,0,1,0,0,1,0,0
370,31,1262,,0,0,1,0,0,1,1,0,1,0,0,0,1,0,0,1,0,0,1,0,0,1,0,0
371,47,1263,,0,1,0,0,2,1,1,0,1,0,1,0,0,1,0,0,1,1,0,0,1,0,0,1
372,71,1264,,0,0,1,0,1,1,1,0,1,0,0,0,1,1,0,0,1,1,0,0,0,1,1,0
373,65,1265,,0,0,1,0,1,1,1,0,1,0,0,0,1,1,0,0,0,0,1,0,0,1,0,0
374,76,1266,,0,0,0,1,4,1,1,0,0,1,0,0,1,0,0,1,1,1,0,0,1,0,0,1
375,66,1267,,0,1,0,0,2,1,1,0,1,0,1,0,0,1,0,0,0,1,0,0,1,0,0,1
376,32,1268,,0,1,0,0,0,1,1,0,0,1,0,0,1,0,0,1,0,0,0,1,1,0,0,0
377,31,1269,,0,0,1,0,3,1,1,0,1,0,0,0,1,1,0,0,0,0,1,0,0,1,0,0
378,77,1270,,0,0,1,0,2,1,1,0,0,0,0,0,1,1,0,0,1,1,0,0,0,1,0,1
379,11,1271,,1,0,0,0,2,1,1,1,0,1,0,0,1,0,1,0,0,0,0,1,0,1,0,1
380,39,1272,,0,0,1,0,1,1,1,0,0,1,0,1,0,1,0,0,0,0,0,1,0,1,1,0
381,39,1273,,0,0,1,0,0,1,1,0,0,1,0,1,0,1,0,0,0,0,0,1,0,1,1,0
382,47,1274,,0,0,0,1,2,1,1,0,0,1,0,0,1,1,0,0,0,0,0,1,1,0,0,0
383,28,1275,,0,0,0,1,4,1,1,0,0,1,0,0,1,0,0,1,0,0,0,1,1,0,0,0
384,45,1276,,0,0,1,0,3,1,1,0,0,0,0,0,1,1,0,0,0,0,1,0,0,1,0,0
385,36,1277,,0,1,0,0,0,1,1,0,1,0,0,0,1,0,0,1,0,0,1,0,1,0,0,1
386,36,1278,,0,0,1,0,3,1,1,0,0,1,0,0,1,1,0,0,0,0,0,1,0,1,1,0
387,80,1279,,0,0,1,0,0,1,1,0,1,0,0,0,1,1,0,0,0,0,1,0,0,1,0,0
388,31,1280,,0,0,1,0,1,1,1,0,0,1,0,1,0,1,0,0,0,0,0,1,0,1,1,0
389,12,1281,,1,0,0,0,2,0,1,1,0,1,0,0,1,0,1,0,0,0,0,1,0,1,0,0
390,34,1282,,0,0,1,0,2,1,1,0,1,0,0,0,1,1,0,0,1,1,0,0,0,1,0,1
391,73,1283,,0,0,0,1,4,1,1,0,1,0,0,0,1,0,0,1,1,1,0,0,1,0,0,1
392,20,1284,,1,0,0,0,3,1,1,0,0,0,0,0,1,0,0,1,0,0,0,1,0,1,0,0
393,69,1285,,0,0,1,0,1,1,1,0,0,0,0,0,1,1,0,0,0,0,1,0,0,1,0,0
394,44,1286,,0,0,1,0,2,1,1,0,0,1,0,0,1,0,1,0,0,0,0,1,0,1,0,0
395,26,1287,,0,0,0,1,4,1,1,0,1,0,0,0,1,0,0,1,1,1,0,0,1,0,0,1
396,36,1288,,0,0,1,0,1,1,1,0,0,1,0,1,0,1,0,0,0,0,0,1,0,1,1,0
397,70,1289,,0,0,0,1,4,1,0,0,1,0,1,0,0,0,0,1,1,1,0,0,1,0,0,1
398,32,1290,,0,0,1,0,3,1,1,0,0,1,0,0,1,1,0,0,0,0,0,1,0,1,1,0
399,47,1291,,0,0,1,0,2,1,1,0,1,0,0,1,0,1,0,0,0,0,0,1,0,1,1,0
400,45,1292,,0,1,0,0,1,1,1,0,0,1,0,0,1,1,0,0,1,1,0,0,1,0,0,1
401,57,1293,,0,0,1,0,0,1,1,0,1,0,0,0,1,0,0,1,0,0,1,0,0,1,0,0
402,32,1294,,0,1,0,0,3,1,1,0,1,0,1,0,0,0,0,1,0,1,0,0,1,0,0,1
403,25,1295,,0,0,1,0,1,1,1,0,1,0,0,0,1,1,0,0,0,1,0,0,0,1,0,1
404,64,1296,,0,0,1,0,3,1,0,0,1,0,1,0,0,0,0,1,1,1,0,0,0,1,0,1
405,29,1297,,0,0,1,0,4,1,1,0,0,0,1,0,0,1,0,0,1,0,1,0,0,1,0,0
406,34,1298,,0,0,1,0,2,1,1,0,1,0,0,0,1,0,0,1,0,0,1,0,0,1,0,0
407,72,1299,,0,0,1,0,2,1,1,0,1,0,1,0,0,0,0,1,1,1,0,0,0,1,0,1
408,26,1300,,0,1,0,0,3,1,1,0,0,1,0,1,0,1,0,0,0,0,0,1,1,0,1,0
409,9,1301,,0,1,0,0,2,1,1,1,0,0,0,0,1,0,0,1,0,0,0,1,1,0,0,0
410,26,1302,,0,1,0,0,1,1,1,0,0,1,0,1,0,1,0,0,0,0,0,1,1,0,1,0
411,56,1303,,0,0,0,1,4,1,1,0,1,0,0,1,0,0,0,1,1,1,0,0,1,0,0,1
412,42,1304,,0,1,0,0,3,1,1,0,0,1,0,0,1,1,0,0,0,0,0,1,1,0,1,0
413,39,1305,,0,0,1,0,0,1,1,0,0,1,0,0,1,1,0,0,0,0,0,1,0,1,1,0
414,59,1306,,0,0,1,0,3,1,1,0,1,0,1,0,0,1,0,0,1,1,0,0,1,0,0,1
415,58,1307,,0,0,1,0,3,1,1,0,0,0,0,0,1,1,0,0,0,0,0,1,0,1,1,0
416,39,1308,,0,0,1,0,0,1,1,0,0,1,0,0,1,1,0,0,0,0,0,1,0,1,1,0
417,12,1309,,1,0,0,0,2,1,1,1,1,0,1,0,0,0,0,1,0,0,0,1,0,1,0,0
